SKU,Manufacturer,Current_Name_EN,Current_Name_FR,New_Name_EN,New_Name_FR
"VRS-19","rumex","RUMEX Instrument","Instrument RUMEX","",""
"VRA-23","rumex","RUMEX Instrument","Instrument RUMEX","",""
"TR-17","rumex","RUMEX Instrument","Instrument RUMEX","",""
"CC-30","rumex","RUMEX Instrument","Instrument RUMEX","",""
"CC-26","rumex","RUMEX Instrument","Instrument RUMEX","",""
"2509-P-8030","KEELER","KEELER Instrument","Instrument KEELER","",""
"2414-P-7042","KEELER","KEELER Instrument","Instrument KEELER","",""
"EP29-32777","KEELER","KEELER Instrument","Instrument KEELER","",""
"3412-P-7002","KEELER","KEELER Instrument","Instrument KEELER","",""
"2509-P-8015","KEELER","KEELER Instrument","Instrument KEELER","",""
"2509-P-8027","KEELER","KEELER Instrument","Instrument KEELER","",""
"2508-P-7015","KEELER","KEELER Instrument","Instrument KEELER","",""
"2509-P-8028","KEELER","KEELER Instrument","Instrument KEELER","",""
"2509-P-8007","KEELER","KEELER Instrument","Instrument KEELER","",""
"2509-P-8008","KEELER","KEELER Instrument","Instrument KEELER","",""
"1302-P-1007","KEELER","KEELER Instrument","Instrument KEELER","",""
"1012-P-7003","KEELER","KEELER Instrument","Instrument KEELER","",""
"1512-P-7008","KEELER","KEELER Instrument","Instrument KEELER","",""
"1013-P-7008","KEELER","KEELER Instrument","Instrument KEELER","",""
"1012-P-7006","KEELER","KEELER Instrument","Instrument KEELER","",""
"1013-P-7009","KEELER","KEELER Instrument","Instrument KEELER","",""
"1013-P-7010","KEELER","KEELER Instrument","Instrument KEELER","",""
"1127-P-1008","KEELER","KEELER Instrument","Instrument KEELER","",""
"1205-P-1015","KEELER","KEELER Instrument","Instrument KEELER","",""
"1205-P-1019","KEELER","KEELER Instrument","Instrument KEELER","",""
"1202-P-7117","KEELER","KEELER Instrument","Instrument KEELER","",""
"1945-P-1000","KEELER","KEELER Instrument","Instrument KEELER","",""
"1205-P-1016","KEELER","KEELER Instrument","Instrument KEELER","",""
"2508-P-7018","KEELER","KEELER Instrument","Instrument KEELER","",""
"2508-P-7017","KEELER","KEELER Instrument","Instrument KEELER","",""
"2508-P-7016","KEELER","KEELER Instrument","Instrument KEELER","",""
"1015-P-7058","KEELER","KEELER Instrument","Instrument KEELER","",""
"1512-P-7040","KEELER","KEELER Instrument","Instrument KEELER","",""
"2417-P-7037","KEELER","KEELER Instrument","Instrument KEELER","",""
"2417-P-7025","KEELER","KEELER Instrument","Instrument KEELER","",""
"2414-P-7027","KEELER","KEELER Instrument","Instrument KEELER","",""
"2417-P-7035","KEELER","KEELER Instrument","Instrument KEELER","",""
"2417-P-7034","KEELER","KEELER Instrument","Instrument KEELER","",""
"2112-P-1022","KEELER","KEELER Instrument","Instrument KEELER","",""
"2112-P-1023","KEELER","KEELER Instrument","Instrument KEELER","",""
"2113-P-2014","KEELER","KEELER Instrument","Instrument KEELER","",""
"2113-P-2013","KEELER","KEELER Instrument","Instrument KEELER","",""
"2113-P-2004","KEELER","KEELER Instrument","Instrument KEELER","",""
"2112-P-8073","KEELER","KEELER Instrument","Instrument KEELER","",""
"1128-P-1008","KEELER","KEELER Instrument","Instrument KEELER","",""
"1011-P-7210","KEELER","KEELER Instrument","Instrument KEELER","",""
"1011-P-7106","KEELER","KEELER Instrument","Instrument KEELER","",""
"1132-P-1202","KEELER","KEELER Instrument","Instrument KEELER","",""
"2112-P-1067","KEELER","KEELER Instrument","Instrument KEELER","",""
"1514-P-1160","KEELER","KEELER Instrument","Instrument KEELER","",""
"1201-P-6067","KEELER","KEELER Instrument","Instrument KEELER","",""
"1514-P-7116","KEELER","KEELER Instrument","Instrument KEELER","",""
"1501-P-7117","KEELER","KEELER Instrument","Instrument KEELER","",""
"1011-P-7229","KEELER","KEELER Instrument","Instrument KEELER","",""
"1012-P-5276","KEELER","KEELER Instrument","Instrument KEELER","",""
"1514-P-7087","KEELER","KEELER Instrument","Instrument KEELER","",""
"1015-P-7066","KEELER","KEELER Instrument","Instrument KEELER","",""
"1501-P-5170","KEELER","KEELER Instrument","Instrument KEELER","",""
"1514-P-7060","KEELER","KEELER Instrument","Instrument KEELER","",""
"1512-P-7016","KEELER","KEELER Instrument","Instrument KEELER","",""
"1013-P-7011","KEELER","KEELER Instrument","Instrument KEELER","",""
"1945-P-1001","KEELER","KEELER Instrument","Instrument KEELER","",""
"1512-P-7024","KEELER","KEELER Instrument","Instrument KEELER","",""
"1512-P-7032","KEELER","KEELER Instrument","Instrument KEELER","",""
"2112-P-1002","KEELER","KEELER Instrument","Instrument KEELER","",""
"1302-P-1006","KEELER","KEELER Instrument","Instrument KEELER","",""
"1127-P-1009","KEELER","KEELER Instrument","Instrument KEELER","",""
"VRA-20","rumex","RUMEX Instrument","Instrument RUMEX","",""
"VRA-19","rumex","RUMEX Instrument","Instrument RUMEX","",""
"TR-10","rumex","RUMEX Instrument","Instrument RUMEX","",""
"SP-45","rumex","RUMEX Instrument","Instrument RUMEX","",""
"SP-30","rumex","RUMEX Instrument","Instrument RUMEX","",""
"SP-15","rumex","RUMEX Instrument","Instrument RUMEX","",""
"SL-32","rumex","RUMEX Instrument","Instrument RUMEX","",""
"SL-28","rumex","RUMEX Instrument","Instrument RUMEX","",""
"SL-27","rumex","RUMEX Instrument","Instrument RUMEX","",""
"SL-26","rumex","RUMEX Instrument","Instrument RUMEX","",""
"SL-24","rumex","RUMEX Instrument","Instrument RUMEX","",""
"SL-22","rumex","RUMEX Instrument","Instrument RUMEX","",""
"PK-11","rumex","RUMEX Instrument","Instrument RUMEX","",""
"PD-60","rumex","RUMEX Instrument","Instrument RUMEX","",""
"CR-20","rumex","RUMEX Instrument","Instrument RUMEX","",""
"CCD-27","rumex","RUMEX Instrument","Instrument RUMEX","",""
"CCD-26","rumex","RUMEX Instrument","Instrument RUMEX","",""
"CCD-24","rumex","RUMEX Instrument","Instrument RUMEX","",""
"CCD-22","rumex","RUMEX Instrument","Instrument RUMEX","",""
"CC-27","rumex","RUMEX Instrument","Instrument RUMEX","",""
"CC-24","rumex","RUMEX Instrument","Instrument RUMEX","",""
"CC-22","rumex","RUMEX Instrument","Instrument RUMEX","",""
"CAT-24","rumex","RUMEX Instrument","Instrument RUMEX","",""
"CAT-22","rumex","RUMEX Instrument","Instrument RUMEX","",""
"SCC18, SCC20, SCC22, SCC24, SCC25, SCC26, SCC265, SCC275, SCC28, SCC285, SCC30, SCC32","surgicon-ag","SURGICON-AG Instrument","Instrument SURGICON-AG","",""
"SCC18P, SCC20P, SCC22P, SCC24P, SCC25P, SCC26P, SCC265P, SCC275P, SCC28P, SCC285P, SCC30P, SCC32P","surgicon-ag","SURGICON-AG Instrument","Instrument SURGICON-AG","",""
"SCD22, SCD26","surgicon-ag","SURGICON-AG Instrument","Instrument SURGICON-AG","",""
"SCD22P, SCD26P","surgicon-ag","SURGICON-AG Instrument","Instrument SURGICON-AG","",""
"SCU20, SCU22, SCU26","surgicon-ag","SURGICON-AG Instrument","Instrument SURGICON-AG","",""
"SCU20P, SCU22P, SCU26P","surgicon-ag","SURGICON-AG Instrument","Instrument SURGICON-AG","",""
"SFIPB21, SFPRB21, SFIRR21, SFB21","surgicon-ag","SURGICON-AG Instrument","Instrument SURGICON-AG","",""
"SSL10S, SSL12S, SSL14S, SSL16S, SSL18S, SSL20S, SSL22S, SSL24S, SSL25S, SSL26S, SSL265S, SSL275S, SSL28S, SSL285S, SSL30S, SSL32S","surgicon-ag","SURGICON-AG Instrument","Instrument SURGICON-AG","",""
"SSL10SP, SSL12SP, SSL14SP, SSL16SP, SSL18SP, SSL20SP, SSL22SP, SSL24SP, SSL25SP, SSL26SP, SSL265SP, SSL275SP, SSL28SP, SSL285SP, SSL30SP, SSL32SP","surgicon-ag","SURGICON-AG Instrument","Instrument SURGICON-AG","",""
"SSL18, SSL20, SSL22, SSL24, SSL25, SSL26, SSL265, SSL275, SSL28, SSL285, SSL30, SSL32","surgicon-ag","SURGICON-AG Instrument","Instrument SURGICON-AG","",""
"SSL18P, SSL20P, SSL22P, SSL24P, SSL25P, SSL26P, SSL265P, SSL275P, SSL28P, SSL285P, SSL30P, SSL32P","surgicon-ag","SURGICON-AG Instrument","Instrument SURGICON-AG","",""
"SST15, SST22, SST30, SST45","surgicon-ag","SURGICON-AG Instrument","Instrument SURGICON-AG","",""
"SST15P, SST22P, SST30P, SST45P","surgicon-ag","SURGICON-AG Instrument","Instrument SURGICON-AG","",""
"SVR19, SVR20, SVR23, SVR24, SVR25","surgicon-ag","SURGICON-AG Instrument","Instrument SURGICON-AG","",""
"SVR19A, SVR20A, SVR21A, SVR23A, SVR24A, SVR25A","surgicon-ag","SURGICON-AG Instrument","Instrument SURGICON-AG","",""
"SVR19AP, SVR20AP, SVR21AP, SVR23AP, SVR24AP, SVR25AP","surgicon-ag","SURGICON-AG Instrument","Instrument SURGICON-AG","",""
"SVR19P, SVR20P, SVR23P, SVR24P, SVR25P","surgicon-ag","SURGICON-AG Instrument","Instrument SURGICON-AG","",""
"SMARTVIS","rumex","RUMEX Instrument","Instrument RUMEX","",""
"VRS-23","rumex","RUMEX Instrument","Instrument RUMEX","",""
"SMARTSIL","rumex","RUMEX Instrument","Instrument RUMEX","",""
"SUPREMEV","rumex","RUMEX Instrument","Instrument RUMEX","",""
"VRS-20","rumex","RUMEX Instrument","Instrument RUMEX","",""
"SCC10S, SCC12S, SCC14S, SCC16S, SCC18S, SCC20S, SCC22S, SCC24S, SCC25S, SCC26S, SCC265S, SCC275S, SCC28S, SCC285S, SCC30S, SCC32S","surgicon-ag","SURGICON-AG Instrument","Instrument SURGICON-AG","",""
"SCC10SP, SCC12SP, SCC14SP, SCC16SP, SCC18SP, SCC20SP, SCC22SP, SCC24SP, SCC25SP, SCC26SP, SCC265SP, SCC275SP, SCC28SP, SCC285SP, SCC30SP, SCC32SP","surgicon-ag","SURGICON-AG Instrument","Instrument SURGICON-AG","",""
"1919-P-5338","KEELER","KEELER Instrument","Instrument KEELER","",""
"C-000.32.302","heine","HEINE Premium Diagnostic Instrument","Instrument de Diagnostic HEINE Premium","",""
"C-000.32.305","heine","HEINE Premium Diagnostic Instrument","Instrument de Diagnostic HEINE Premium","",""
"C-000.32.306","heine","HEINE Premium Diagnostic Instrument","Instrument de Diagnostic HEINE Premium","",""
"C-000.32.307","heine","HEINE Premium Diagnostic Instrument","Instrument de Diagnostic HEINE Premium","",""
"C-000.32.309","heine","HEINE Premium Diagnostic Instrument","Instrument de Diagnostic HEINE Premium","",""
"C-000.32.523","heine","HEINE Premium Diagnostic Instrument","Instrument de Diagnostic HEINE Premium","",""
"C-000.32.537","heine","HEINE Premium Diagnostic Instrument","Instrument de Diagnostic HEINE Premium","",""
"C-000.32.549","heine","HEINE Premium Diagnostic Instrument","Instrument de Diagnostic HEINE Premium","",""
"C-000.32.551","heine","HEINE Premium Diagnostic Instrument","Instrument de Diagnostic HEINE Premium","",""
"C-000.32.027","heine","HEINE Premium Diagnostic Instrument","Instrument de Diagnostic HEINE Premium","",""
"C-000.32.350","heine","HEINE Premium Diagnostic Instrument","Instrument de Diagnostic HEINE Premium","",""
"C-000.32.355","heine","HEINE Premium Diagnostic Instrument","Instrument de Diagnostic HEINE Premium","",""
"C-000.32.356","heine","HEINE Premium Diagnostic Instrument","Instrument de Diagnostic HEINE Premium","",""
"C-000.32.357","heine","HEINE Premium Diagnostic Instrument","Instrument de Diagnostic HEINE Premium","",""
"C-000.32.366","heine","HEINE Premium Diagnostic Instrument","Instrument de Diagnostic HEINE Premium","",""
"C-000.32.367","heine","HEINE Premium Diagnostic Instrument","Instrument de Diagnostic HEINE Premium","",""
"C-000.32.440","heine","HEINE Premium Diagnostic Instrument","Instrument de Diagnostic HEINE Premium","",""
"C-000.32.441","heine","HEINE Premium Diagnostic Instrument","Instrument de Diagnostic HEINE Premium","",""
"C-000.32.444","heine","HEINE Premium Diagnostic Instrument","Instrument de Diagnostic HEINE Premium","",""
"C-000.32.445","heine","HEINE Premium Diagnostic Instrument","Instrument de Diagnostic HEINE Premium","",""
"C-000.32.450","heine","HEINE Premium Diagnostic Instrument","Instrument de Diagnostic HEINE Premium","",""
"C-000.32.455","heine","HEINE Premium Diagnostic Instrument","Instrument de Diagnostic HEINE Premium","",""
"C-000.32.460","heine","HEINE Premium Diagnostic Instrument","Instrument de Diagnostic HEINE Premium","",""
"C-000.32.461","heine","HEINE Premium Diagnostic Instrument","Instrument de Diagnostic HEINE Premium","",""
"C-000.32.464","heine","HEINE Premium Diagnostic Instrument","Instrument de Diagnostic HEINE Premium","",""
"C-000.32.465","heine","HEINE Premium Diagnostic Instrument","Instrument de Diagnostic HEINE Premium","",""
"C-000.32.470","heine","HEINE Premium Diagnostic Instrument","Instrument de Diagnostic HEINE Premium","",""
"C-000.32.475","heine","HEINE Premium Diagnostic Instrument","Instrument de Diagnostic HEINE Premium","",""
"C-000.32.440A","heine","HEINE Premium Diagnostic Instrument","Instrument de Diagnostic HEINE Premium","",""
"C-000.32.441A","heine","HEINE Premium Diagnostic Instrument","Instrument de Diagnostic HEINE Premium","",""
"C-000.32.444A","heine","HEINE Premium Diagnostic Instrument","Instrument de Diagnostic HEINE Premium","",""
"C-000.32.445A","heine","HEINE Premium Diagnostic Instrument","Instrument de Diagnostic HEINE Premium","",""
"C-000.32.450A","heine","HEINE Premium Diagnostic Instrument","Instrument de Diagnostic HEINE Premium","",""
"C-000.32.455A","heine","HEINE Premium Diagnostic Instrument","Instrument de Diagnostic HEINE Premium","",""
"C-000.32.460A","heine","HEINE Premium Diagnostic Instrument","Instrument de Diagnostic HEINE Premium","",""
"C-000.32.461A","heine","HEINE Premium Diagnostic Instrument","Instrument de Diagnostic HEINE Premium","",""
"C-000.32.464A","heine","HEINE Premium Diagnostic Instrument","Instrument de Diagnostic HEINE Premium","",""
"C-000.32.465A","heine","HEINE Premium Diagnostic Instrument","Instrument de Diagnostic HEINE Premium","",""
"C-000.32.470A","heine","HEINE Premium Diagnostic Instrument","Instrument de Diagnostic HEINE Premium","",""
"C-000.32.475A","heine","HEINE Premium Diagnostic Instrument","Instrument de Diagnostic HEINE Premium","",""
"C-000.32.430","heine","HEINE Premium Diagnostic Instrument","Instrument de Diagnostic HEINE Premium","",""
"C-000.32.431","heine","HEINE Premium Diagnostic Instrument","Instrument de Diagnostic HEINE Premium","",""
"C-000.32.434","heine","HEINE Premium Diagnostic Instrument","Instrument de Diagnostic HEINE Premium","",""
"C-000.32.435","heine","HEINE Premium Diagnostic Instrument","Instrument de Diagnostic HEINE Premium","",""
"C-001.30.100","heine","HEINE Premium Diagnostic Instrument","Instrument de Diagnostic HEINE Premium","",""
"C-008.30.100","heine","HEINE Premium Diagnostic Instrument","Instrument de Diagnostic HEINE Premium","",""
"C-011.10.118","heine","HEINE Premium Diagnostic Instrument","Instrument de Diagnostic HEINE Premium","",""
"C-011.28.388","heine","HEINE Premium Diagnostic Instrument","Instrument de Diagnostic HEINE Premium","",""
"C-144.10.118","heine","HEINE Premium Diagnostic Instrument","Instrument de Diagnostic HEINE Premium","",""
"C-144.24.420","heine","HEINE Premium Diagnostic Instrument","Instrument de Diagnostic HEINE Premium","",""
"C-144.28.388","heine","HEINE Premium Diagnostic Instrument","Instrument de Diagnostic HEINE Premium","",""
"C-008.30.120","heine","HEINE Premium Diagnostic Instrument","Instrument de Diagnostic HEINE Premium","",""
"C-010.28.388","heine","HEINE Premium Diagnostic Instrument","Instrument de Diagnostic HEINE Premium","",""
"C-261.10.118","heine","HEINE Premium Diagnostic Instrument","Instrument de Diagnostic HEINE Premium","",""
"C-261.24.420","heine","HEINE Premium Diagnostic Instrument","Instrument de Diagnostic HEINE Premium","",""
"C-261.28.388","heine","HEINE Premium Diagnostic Instrument","Instrument de Diagnostic HEINE Premium","",""
"C-008.33.610","heine","HEINE Premium Diagnostic Instrument","Instrument de Diagnostic HEINE Premium","",""
"C-008.33.611","heine","HEINE Premium Diagnostic Instrument","Instrument de Diagnostic HEINE Premium","",""
"C-008.33.612","heine","HEINE Premium Diagnostic Instrument","Instrument de Diagnostic HEINE Premium","",""
"C-008.33.620","heine","HEINE Premium Diagnostic Instrument","Instrument de Diagnostic HEINE Premium","",""
"C-008.33.621","heine","HEINE Premium Diagnostic Instrument","Instrument de Diagnostic HEINE Premium","",""
"C-008.33.622","heine","HEINE Premium Diagnostic Instrument","Instrument de Diagnostic HEINE Premium","",""
"C-011.28.388, C-144.28.388, C-261.28.388","heine","HEINE Premium Diagnostic Instrument","Instrument de Diagnostic HEINE Premium","",""
"C-014.10.118","heine","HEINE Premium Diagnostic Instrument","Instrument de Diagnostic HEINE Premium","",""
"C-014.28.388","heine","HEINE Premium Diagnostic Instrument","Instrument de Diagnostic HEINE Premium","",""
"C-034.10.118","heine","HEINE Premium Diagnostic Instrument","Instrument de Diagnostic HEINE Premium","",""
"C-034.28.388","heine","HEINE Premium Diagnostic Instrument","Instrument de Diagnostic HEINE Premium","",""
"C-182.10.118, C-182.28.388","heine","HEINE Premium Diagnostic Instrument","Instrument de Diagnostic HEINE Premium","",""
"C-283.10.330","heine","HEINE Premium Diagnostic Instrument","Instrument de Diagnostic HEINE Premium","",""
"C-283.10.335","heine","HEINE Premium Diagnostic Instrument","Instrument de Diagnostic HEINE Premium","",""
"C-284.10.330","heine","HEINE Premium Diagnostic Instrument","Instrument de Diagnostic HEINE Premium","",""
"C-284.10.335","heine","HEINE Premium Diagnostic Instrument","Instrument de Diagnostic HEINE Premium","",""
"C-008.33.530","heine","HEINE Premium Diagnostic Instrument","Instrument de Diagnostic HEINE Premium","",""
"C-008.33.535","heine","HEINE Premium Diagnostic Instrument","Instrument de Diagnostic HEINE Premium","",""
"D-001.71.120","heine","HEINE Premium Diagnostic Instrument","Instrument de Diagnostic HEINE Premium","",""
"D-002.71.120","heine","HEINE Premium Diagnostic Instrument","Instrument de Diagnostic HEINE Premium","",""
"D-008.71.120","heine","HEINE Premium Diagnostic Instrument","Instrument de Diagnostic HEINE Premium","",""
"D-008.71.220","heine","HEINE Premium Diagnostic Instrument","Instrument de Diagnostic HEINE Premium","",""
"D-886.11.021","heine","HEINE Premium Diagnostic Instrument","Instrument de Diagnostic HEINE Premium","",""
"D-886.11.022","heine","HEINE Premium Diagnostic Instrument","Instrument de Diagnostic HEINE Premium","",""
"J-008.31.276, J-008.31.277","heine","HEINE Premium Diagnostic Instrument","Instrument de Diagnostic HEINE Premium","",""
"J-008.31.415","heine","HEINE Premium Diagnostic Instrument","Instrument de Diagnostic HEINE Premium","",""
"J-008.31.416","heine","HEINE Premium Diagnostic Instrument","Instrument de Diagnostic HEINE Premium","",""
"J-008.31.417","heine","HEINE Premium Diagnostic Instrument","Instrument de Diagnostic HEINE Premium","",""
"J-008.31.418","heine","HEINE Premium Diagnostic Instrument","Instrument de Diagnostic HEINE Premium","",""
"J-008.31.431","heine","HEINE Premium Diagnostic Instrument","Instrument de Diagnostic HEINE Premium","",""
"J-008.31.432","heine","HEINE Premium Diagnostic Instrument","Instrument de Diagnostic HEINE Premium","",""
"J-008.31.433","heine","HEINE Premium Diagnostic Instrument","Instrument de Diagnostic HEINE Premium","",""
"J-008.31.434","heine","HEINE Premium Diagnostic Instrument","Instrument de Diagnostic HEINE Premium","",""
"J-008.31.441","heine","HEINE Premium Diagnostic Instrument","Instrument de Diagnostic HEINE Premium","",""
"J-008.31.442","heine","HEINE Premium Diagnostic Instrument","Instrument de Diagnostic HEINE Premium","",""
"J-008.31.443","heine","HEINE Premium Diagnostic Instrument","Instrument de Diagnostic HEINE Premium","",""
"J-008.31.444","heine","HEINE Premium Diagnostic Instrument","Instrument de Diagnostic HEINE Premium","",""
"J-008.31.445","heine","HEINE Premium Diagnostic Instrument","Instrument de Diagnostic HEINE Premium","",""
"J-008.31.446","heine","HEINE Premium Diagnostic Instrument","Instrument de Diagnostic HEINE Premium","",""
"J-008.31.447","heine","HEINE Premium Diagnostic Instrument","Instrument de Diagnostic HEINE Premium","",""
"J-008.31.448","heine","HEINE Premium Diagnostic Instrument","Instrument de Diagnostic HEINE Premium","",""
"J-008.31.451","heine","HEINE Premium Diagnostic Instrument","Instrument de Diagnostic HEINE Premium","",""
"J-008.31.453","heine","HEINE Premium Diagnostic Instrument","Instrument de Diagnostic HEINE Premium","",""
"J-008.31.455","heine","HEINE Premium Diagnostic Instrument","Instrument de Diagnostic HEINE Premium","",""
"J-008.31.457","heine","HEINE Premium Diagnostic Instrument","Instrument de Diagnostic HEINE Premium","",""
"J-008.31.461","heine","HEINE Premium Diagnostic Instrument","Instrument de Diagnostic HEINE Premium","",""
"J-008.31.463","heine","HEINE Premium Diagnostic Instrument","Instrument de Diagnostic HEINE Premium","",""
"4000011","haag-streit-u-k","HAAG-STREIT-U-K Instrument","Instrument HAAG-STREIT-U-K","",""
"7221069
Nouveau 2025","haag-streit-u-k","HAAG-STREIT-U-K Instrument","Instrument HAAG-STREIT-U-K","",""
"4000006","haag-streit-u-k","HAAG-STREIT-U-K Instrument","Instrument HAAG-STREIT-U-K","",""
"4000007","haag-streit-u-k","HAAG-STREIT-U-K Instrument","Instrument HAAG-STREIT-U-K","",""
"4000060","haag-streit-u-k","HAAG-STREIT-U-K Instrument","Instrument HAAG-STREIT-U-K","",""
"4000061","haag-streit-u-k","HAAG-STREIT-U-K Instrument","Instrument HAAG-STREIT-U-K","",""
"4000012","haag-streit-u-k","HAAG-STREIT-U-K Instrument","Instrument HAAG-STREIT-U-K","",""
"4000054","haag-streit-u-k","HAAG-STREIT-U-K Instrument","Instrument HAAG-STREIT-U-K","",""
"4000015","haag-streit-u-k","HAAG-STREIT-U-K Instrument","Instrument HAAG-STREIT-U-K","",""
"4000018","haag-streit-u-k","HAAG-STREIT-U-K Instrument","Instrument HAAG-STREIT-U-K","",""
"4000037 (NEO 900), 4000038 (NEO 900A)","haag-streit-u-k","HAAG-STREIT-U-K Instrument","Instrument HAAG-STREIT-U-K","",""
"-","haag-streit-u-k","HAAG-STREIT-U-K Instrument","Instrument HAAG-STREIT-U-K","",""
"1009000","haag-streit-u-k","HAAG-STREIT-U-K Instrument","Instrument HAAG-STREIT-U-K","",""
"7220096","haag-streit-u-k","HAAG-STREIT-U-K Instrument","Instrument HAAG-STREIT-U-K","",""
"7220376","haag-streit-u-k","HAAG-STREIT-U-K Instrument","Instrument HAAG-STREIT-U-K","",""
"7220400","haag-streit-u-k","HAAG-STREIT-U-K Instrument","Instrument HAAG-STREIT-U-K","",""
"1009001","haag-streit-u-k","HAAG-STREIT-U-K Instrument","Instrument HAAG-STREIT-U-K","",""
"7220460","haag-streit-u-k","HAAG-STREIT-U-K Instrument","Instrument HAAG-STREIT-U-K","",""
"7220494","haag-streit-u-k","HAAG-STREIT-U-K Instrument","Instrument HAAG-STREIT-U-K","",""
"7220497","haag-streit-u-k","HAAG-STREIT-U-K Instrument","Instrument HAAG-STREIT-U-K","",""
"7220531","haag-streit-u-k","HAAG-STREIT-U-K Instrument","Instrument HAAG-STREIT-U-K","",""
"7200154","haag-streit-u-k","HAAG-STREIT-U-K Instrument","Instrument HAAG-STREIT-U-K","",""
"7200033","haag-streit-u-k","HAAG-STREIT-U-K Instrument","Instrument HAAG-STREIT-U-K","",""
"1420155","haag-streit-u-k","HAAG-STREIT-U-K Instrument","Instrument HAAG-STREIT-U-K","",""
"7200032","haag-streit-u-k","HAAG-STREIT-U-K Instrument","Instrument HAAG-STREIT-U-K","",""
"9001806000","haag-streit-u-k","HAAG-STREIT-U-K Instrument","Instrument HAAG-STREIT-U-K","",""
"7220354","haag-streit-u-k","HAAG-STREIT-U-K Instrument","Instrument HAAG-STREIT-U-K","",""
"9001803000","haag-streit-u-k","HAAG-STREIT-U-K Instrument","Instrument HAAG-STREIT-U-K","",""
"7220001","haag-streit-u-k","HAAG-STREIT-U-K Instrument","Instrument HAAG-STREIT-U-K","",""
"5606011 (Set A), 5606013 (Set C)","haag-streit-u-k","HAAG-STREIT-U-K Instrument","Instrument HAAG-STREIT-U-K","",""
"FS802-35","foshan","FS803-35 Ophthalmic Instrument","Instrument Ophtalmologique FS803-35","",""
"FS902C","foshan","FS902C Medical Equipment","Equipement Medical FS902C","",""
