referenceFournisseur,constructeur,slug,categoryId,status,isFeatured,nom_fr,nom_en,description_fr,description_en,ficheTechnique_fr,ficheTechnique_en,imageUrl,originalBrand,originalProductName,sourceUrl
9601,MORIA,vannas-scissors-curved-blunt-blades-9601,ophthalmology-surgical,active,,Vannas Scissors(Curved blunt blades),Vannas Scissors(Curved blunt blades), Needle & Irrigation/Aspiration system; Needle-holder; Ring scissors; Sets; Others; Single-use Instruments; Microkeratome & Accessories; Consoles & accessories; Handpieces & accessories; Artificial Chambers; Heads, Needle & Irrigation/Aspiration system; Needle-holder; Ring scissors; Sets; Others; Single-use Instruments; Microkeratome & Accessories; Consoles & accessories; Handpieces & accessories; Artificial Chambers; Heads,https://www.moria-surgical.com/product/vannas-moria-scissors-3,https://www.moria-surgical.com/product/vannas-moria-scissors-3, Spatula,MORIA,CISEAUX, Manipulator
13246,MORIA,bonn-kraff-forceps-0-12-mm-teeth-with-platforms-an,ophthalmology-surgical,active,,Bonn-Kraff Forceps(0.12-mm teeth with platforms and long jaws),Bonn-Kraff Forceps(0.12-mm teeth with platforms and long jaws), Needle & Irrigation/Aspiration system; Needle-holder; Scissors; Ring scissors; Micro scissors; Sets; Others; Single-use Instruments; Microkeratome & Accessories; Consoles & accessories; Handpieces & accessories; Artificial Chambers; Heads, Needle & Irrigation/Aspiration system; Needle-holder; Scissors; Ring scissors; Micro scissors; Sets; Others; Single-use Instruments; Microkeratome & Accessories; Consoles & accessories; Handpieces & accessories; Artificial Chambers; Heads,https://www.moria-surgical.com/product/bonn-kraff-forceps,https://www.moria-surgical.com/product/bonn-kraff-forceps, Spatula,MORIA,PINCES, Manipulator
7850A,MORIA,bonn-moria-forceps-0-18-mm-teeth-with-platforms-78,ophthalmology-surgical,active,,Bonn-Moria Forceps(0.18-mm teeth with platforms),Bonn-Moria Forceps(0.18-mm teeth with platforms), Needle & Irrigation/Aspiration system; Needle-holder; Scissors; Ring scissors; Micro scissors; Sets; Others; Single-use Instruments; Microkeratome & Accessories; Consoles & accessories; Handpieces & accessories; Artificial Chambers; Heads, Needle & Irrigation/Aspiration system; Needle-holder; Scissors; Ring scissors; Micro scissors; Sets; Others; Single-use Instruments; Microkeratome & Accessories; Consoles & accessories; Handpieces & accessories; Artificial Chambers; Heads,https://www.moria-surgical.com/product/bonn-moria-forceps,https://www.moria-surgical.com/product/bonn-moria-forceps, Spatula,MORIA,PINCES, Manipulator
7862," “colibri” type)""",barraquer-troutman-forceps-0-12-mm-oblique-teeth-7,ophthalmology-surgical,active,,"""Barraquer-Troutman Forceps(0.12-mm oblique teeth","""Barraquer-Troutman Forceps(0.12-mm oblique teeth", Retractor; Cannula, Retractor; Cannula," Blades & Suction Rings; Other accessories; Complete systems; Keratoplasty; Refractive; Punches & Trephines; Punches; Trephines; Resources center; Notices & brochures; The different types of surgery; Keratoplasty: Overview; Keratoplasty: DSAEK; Keratoplasty: DALK; Glaucoma: angle-closure; Cataract: Instrumentation; Cataract: Phacoemulsification; Cataract: Capsulorhexis; Cataract: Morganian; Oculoplasty : Curette; Oculoplasty : Chalazion; Retinopathy Of Prematurity; Benefits of Modern SBK Microkeratome; Corporate; Presentation; Human Resources; Moria in the World; Quality & Regulatory; CSR; Request a quote0; Search"""," Blades & Suction Rings; Other accessories; Complete systems; Keratoplasty; Refractive; Punches & Trephines; Punches; Trephines; Resources center; Notices & brochures; The different types of surgery; Keratoplasty: Overview; Keratoplasty: DSAEK; Keratoplasty: DALK; Glaucoma: angle-closure; Cataract: Instrumentation; Cataract: Phacoemulsification; Cataract: Capsulorhexis; Cataract: Morganian; Oculoplasty : Curette; Oculoplasty : Chalazion; Retinopathy Of Prematurity; Benefits of Modern SBK Microkeratome; Corporate; Presentation; Human Resources; Moria in the World; Quality & Regulatory; CSR; Request a quote0; Search""", Manipulator,MORIA,PINCES,"""Reusable Instruments; Forceps; Bonn forceps; Barraquer-Troutman Forceps; Speculum; Capsulorhexis forceps; Other forceps; Hook"
Moria Surgical, “colibri” type,pierse-forceps-0-2-mm-oblique-teeth-moria-surgical,ophthalmology-surgical,active,,"""Pierse Forceps(0.2-mm oblique teeth","""Pierse Forceps(0.2-mm oblique teeth", Iris dilator, Iris dilator, Needle & Irrigation/Aspiration system; Needle-holder; Scissors; Ring scissors; Micro scissors; Sets; Others; Single-use Instruments; Microkeratome & Accessories; Consoles & accessories; Handpieces & accessories; Artificial Chambers; Heads, Needle & Irrigation/Aspiration system; Needle-holder; Scissors; Ring scissors; Micro scissors; Sets; Others; Single-use Instruments; Microkeratome & Accessories; Consoles & accessories; Handpieces & accessories; Artificial Chambers; Heads,"""Reusable Instruments; Forceps; Bonn forceps; Pierse Forceps; Speculum; Capsulorhexis forceps; Other forceps; Hook",MORIA,PINCES,Bonn forceps > Pierse Forceps
13160,MORIA,bonn-forceps-0-12-mm-teeth-with-platforms-13160,ophthalmology-surgical,active,,Bonn Forceps(0.12-mm teeth with platforms),Bonn Forceps(0.12-mm teeth with platforms), Needle & Irrigation/Aspiration system; Needle-holder; Scissors; Ring scissors; Micro scissors; Sets; Others; Single-use Instruments; Microkeratome & Accessories; Consoles & accessories; Handpieces & accessories; Artificial Chambers; Heads, Needle & Irrigation/Aspiration system; Needle-holder; Scissors; Ring scissors; Micro scissors; Sets; Others; Single-use Instruments; Microkeratome & Accessories; Consoles & accessories; Handpieces & accessories; Artificial Chambers; Heads,https://www.moria-surgical.com/product/bonn-forceps-4,https://www.moria-surgical.com/product/bonn-forceps-4, Spatula,MORIA,PINCES, Manipulator
13161,MORIA,bonn-moria-forceps-0-12-mm-teeth-with-platforms-13,ophthalmology-surgical,active,,Bonn-Moria Forceps(0.12-mm teeth with platforms),Bonn-Moria Forceps(0.12-mm teeth with platforms), Needle & Irrigation/Aspiration system; Needle-holder; Scissors; Ring scissors; Micro scissors; Sets; Others; Single-use Instruments; Microkeratome & Accessories; Consoles & accessories; Handpieces & accessories; Artificial Chambers; Heads, Needle & Irrigation/Aspiration system; Needle-holder; Scissors; Ring scissors; Micro scissors; Sets; Others; Single-use Instruments; Microkeratome & Accessories; Consoles & accessories; Handpieces & accessories; Artificial Chambers; Heads,https://www.moria-surgical.com/product/bonn-moria-forceps-2,https://www.moria-surgical.com/product/bonn-moria-forceps-2, Spatula,MORIA,PINCES, Manipulator
13240,MORIA,bonn-kraff-forceps-0-1-mm-oblique-teeth-and-tying-,ophthalmology-surgical,active,,Bonn-Kraff Forceps(0.1-mm oblique teeth and tying platforms),Bonn-Kraff Forceps(0.1-mm oblique teeth and tying platforms), Needle & Irrigation/Aspiration system; Needle-holder; Scissors; Ring scissors; Micro scissors; Sets; Others; Single-use Instruments; Microkeratome & Accessories; Consoles & accessories; Handpieces & accessories; Artificial Chambers; Heads, Needle & Irrigation/Aspiration system; Needle-holder; Scissors; Ring scissors; Micro scissors; Sets; Others; Single-use Instruments; Microkeratome & Accessories; Consoles & accessories; Handpieces & accessories; Artificial Chambers; Heads,https://www.moria-surgical.com/product/kraff-moria-forceps,https://www.moria-surgical.com/product/kraff-moria-forceps, Spatula,MORIA,PINCES, Manipulator
2280A,MORIA,lester-forceps-1-1-mm-teeth-2280a,ophthalmology-surgical,active,,Lester Forceps(1.1-mm teeth),Lester Forceps(1.1-mm teeth), Needle & Irrigation/Aspiration system; Needle-holder; Scissors; Ring scissors; Micro scissors; Sets; Others; Single-use Instruments; Microkeratome & Accessories; Consoles & accessories; Handpieces & accessories; Artificial Chambers; Heads, Needle & Irrigation/Aspiration system; Needle-holder; Scissors; Ring scissors; Micro scissors; Sets; Others; Single-use Instruments; Microkeratome & Accessories; Consoles & accessories; Handpieces & accessories; Artificial Chambers; Heads,https://www.moria-surgical.com/product/lester-forceps,https://www.moria-surgical.com/product/lester-forceps, Spatula,MORIA,PINCES, Manipulator
7835,MORIA,bonn-forceps-0-12-mm-teeth-with-platforms-7835,ophthalmology-surgical,active,,Bonn Forceps(0.12-mm teeth with platforms),Bonn Forceps(0.12-mm teeth with platforms), Needle & Irrigation/Aspiration system; Needle-holder; Scissors; Ring scissors; Micro scissors; Sets; Others; Single-use Instruments; Microkeratome & Accessories; Consoles & accessories; Handpieces & accessories; Artificial Chambers; Heads, Needle & Irrigation/Aspiration system; Needle-holder; Scissors; Ring scissors; Micro scissors; Sets; Others; Single-use Instruments; Microkeratome & Accessories; Consoles & accessories; Handpieces & accessories; Artificial Chambers; Heads,https://www.moria-surgical.com/product/bonn-forceps-2,https://www.moria-surgical.com/product/bonn-forceps-2, Spatula,MORIA,PINCES, Manipulator
9510," 0.3-mm oblique teeth)""",castroviejo-utility-forceps-6-5-mm-platforms-9510,ophthalmology-surgical,active,,"""Castroviejo “Utility” Forceps(6.5-mm platforms","""Castroviejo “Utility” Forceps(6.5-mm platforms", Retractor; Cannula, Retractor; Cannula," Blades & Suction Rings; Other accessories; Complete systems; Keratoplasty; Refractive; Punches & Trephines; Punches; Trephines; Resources center; Notices & brochures; The different types of surgery; Keratoplasty: Overview; Keratoplasty: DSAEK; Keratoplasty: DALK; Glaucoma: angle-closure; Cataract: Instrumentation; Cataract: Phacoemulsification; Cataract: Capsulorhexis; Cataract: Morganian; Oculoplasty : Curette; Oculoplasty : Chalazion; Retinopathy Of Prematurity; Benefits of Modern SBK Microkeratome; Corporate; Presentation; Human Resources; Moria in the World; Quality & Regulatory; CSR; Request a quote0; Search"""," Blades & Suction Rings; Other accessories; Complete systems; Keratoplasty; Refractive; Punches & Trephines; Punches; Trephines; Resources center; Notices & brochures; The different types of surgery; Keratoplasty: Overview; Keratoplasty: DSAEK; Keratoplasty: DALK; Glaucoma: angle-closure; Cataract: Instrumentation; Cataract: Phacoemulsification; Cataract: Capsulorhexis; Cataract: Morganian; Oculoplasty : Curette; Oculoplasty : Chalazion; Retinopathy Of Prematurity; Benefits of Modern SBK Microkeratome; Corporate; Presentation; Human Resources; Moria in the World; Quality & Regulatory; CSR; Request a quote0; Search""", Manipulator,MORIA,PINCES,"""Reusable Instruments; Forceps; Other forceps; Castroviejo “Utility” Forceps; Speculum; Capsulorhexis forceps; Bonn forceps; Hook"
2180A,MORIA,bonaccolto-forceps-0-8-mm-serrated-jaws-2180a,ophthalmology-surgical,active,,Bonaccolto Forceps(0.8-mm serrated jaws),Bonaccolto Forceps(0.8-mm serrated jaws), Needle & Irrigation/Aspiration system; Needle-holder; Scissors; Ring scissors; Micro scissors; Sets; Others; Single-use Instruments; Microkeratome & Accessories; Consoles & accessories; Handpieces & accessories; Artificial Chambers; Heads, Needle & Irrigation/Aspiration system; Needle-holder; Scissors; Ring scissors; Micro scissors; Sets; Others; Single-use Instruments; Microkeratome & Accessories; Consoles & accessories; Handpieces & accessories; Artificial Chambers; Heads,https://www.moria-surgical.com/product/bonaccolto-forceps,https://www.moria-surgical.com/product/bonaccolto-forceps, Spatula,MORIA,PINCES, Manipulator
2183,MORIA,forceps-1-mm-serrated-jaws-2183,ophthalmology-surgical,active,,Forceps(1-mm serrated jaws),Forceps(1-mm serrated jaws), Needle & Irrigation/Aspiration system; Needle-holder; Scissors; Ring scissors; Micro scissors; Sets; Others; Single-use Instruments; Microkeratome & Accessories; Consoles & accessories; Handpieces & accessories; Artificial Chambers; Heads, Needle & Irrigation/Aspiration system; Needle-holder; Scissors; Ring scissors; Micro scissors; Sets; Others; Single-use Instruments; Microkeratome & Accessories; Consoles & accessories; Handpieces & accessories; Artificial Chambers; Heads,https://www.moria-surgical.com/product/forceps-3,https://www.moria-surgical.com/product/forceps-3, Spatula,MORIA,PINCES, Manipulator
2432," straight jaws)""",barraquer-forceps-6-mm-platforms-2432,ophthalmology-surgical,active,,"""Barraquer Forceps(6-mm platforms","""Barraquer Forceps(6-mm platforms", Retractor; Cannula, Retractor; Cannula," Blades & Suction Rings; Other accessories; Complete systems; Keratoplasty; Refractive; Punches & Trephines; Punches; Trephines; Resources center; Notices & brochures; The different types of surgery; Keratoplasty: Overview; Keratoplasty: DSAEK; Keratoplasty: DALK; Glaucoma: angle-closure; Cataract: Instrumentation; Cataract: Phacoemulsification; Cataract: Capsulorhexis; Cataract: Morganian; Oculoplasty : Curette; Oculoplasty : Chalazion; Retinopathy Of Prematurity; Benefits of Modern SBK Microkeratome; Corporate; Presentation; Human Resources; Moria in the World; Quality & Regulatory; CSR; Request a quote0; Search"""," Blades & Suction Rings; Other accessories; Complete systems; Keratoplasty; Refractive; Punches & Trephines; Punches; Trephines; Resources center; Notices & brochures; The different types of surgery; Keratoplasty: Overview; Keratoplasty: DSAEK; Keratoplasty: DALK; Glaucoma: angle-closure; Cataract: Instrumentation; Cataract: Phacoemulsification; Cataract: Capsulorhexis; Cataract: Morganian; Oculoplasty : Curette; Oculoplasty : Chalazion; Retinopathy Of Prematurity; Benefits of Modern SBK Microkeratome; Corporate; Presentation; Human Resources; Moria in the World; Quality & Regulatory; CSR; Request a quote0; Search""", Manipulator,MORIA,PINCES,"""Reusable Instruments; Forceps; Other forceps; Barraquer Forceps; Speculum; Capsulorhexis forceps; Bonn forceps; Hook"
7431," “Colibri” Type(1-mm platforms)""",barraquer-forceps-7431,ophthalmology-surgical,active,,"""Barraquer Forceps","""Barraquer Forceps", Spatula, Spatula, Retractor; Cannula, Retractor; Cannula,"""Reusable Instruments; Forceps; Other forceps; Barraquer Forceps",MORIA,PINCES," “Colibri” Type"""
7835C," straight jaws)""",moria-forceps-4-mm-platforms-7835c,ophthalmology-surgical,active,,"""Moria Forceps(4-mm platforms","""Moria Forceps(4-mm platforms", Retractor; Cannula, Retractor; Cannula," Blades & Suction Rings; Other accessories; Complete systems; Keratoplasty; Refractive; Punches & Trephines; Punches; Trephines; Resources center; Notices & brochures; The different types of surgery; Keratoplasty: Overview; Keratoplasty: DSAEK; Keratoplasty: DALK; Glaucoma: angle-closure; Cataract: Instrumentation; Cataract: Phacoemulsification; Cataract: Capsulorhexis; Cataract: Morganian; Oculoplasty : Curette; Oculoplasty : Chalazion; Retinopathy Of Prematurity; Benefits of Modern SBK Microkeratome; Corporate; Presentation; Human Resources; Moria in the World; Quality & Regulatory; CSR; Request a quote0; Search"""," Blades & Suction Rings; Other accessories; Complete systems; Keratoplasty; Refractive; Punches & Trephines; Punches; Trephines; Resources center; Notices & brochures; The different types of surgery; Keratoplasty: Overview; Keratoplasty: DSAEK; Keratoplasty: DALK; Glaucoma: angle-closure; Cataract: Instrumentation; Cataract: Phacoemulsification; Cataract: Capsulorhexis; Cataract: Morganian; Oculoplasty : Curette; Oculoplasty : Chalazion; Retinopathy Of Prematurity; Benefits of Modern SBK Microkeratome; Corporate; Presentation; Human Resources; Moria in the World; Quality & Regulatory; CSR; Request a quote0; Search""", Manipulator,MORIA,PINCES,"""Reusable Instruments; Forceps; Bonn forceps; Moria Forceps; Speculum; Capsulorhexis forceps; Other forceps; Hook"
TI7835,MORIA,bonn-forceps-titanium-0-12-mm-teeth-with-platforms,ophthalmology-surgical,active,,Bonn Forceps - Titanium(0.12-mm teeth with platforms),Bonn Forceps - Titanium(0.12-mm teeth with platforms), Needle & Irrigation/Aspiration system; Needle-holder; Scissors; Ring scissors; Micro scissors; Sets; Others; Single-use Instruments; Microkeratome & Accessories; Consoles & accessories; Handpieces & accessories; Artificial Chambers; Heads, Needle & Irrigation/Aspiration system; Needle-holder; Scissors; Ring scissors; Micro scissors; Sets; Others; Single-use Instruments; Microkeratome & Accessories; Consoles & accessories; Handpieces & accessories; Artificial Chambers; Heads,https://www.moria-surgical.com/product/bonn-forceps-3,https://www.moria-surgical.com/product/bonn-forceps-3, Spatula,MORIA,PINCES, Manipulator
2131,MORIA,lambert-forceps-11-mm-2131,ophthalmology-surgical,active,,Lambert Forceps(11 mm),Lambert Forceps(11 mm), Needle & Irrigation/Aspiration system; Needle-holder; Scissors; Ring scissors; Micro scissors; Sets; Others; Single-use Instruments; Microkeratome & Accessories; Consoles & accessories; Handpieces & accessories; Artificial Chambers; Heads, Needle & Irrigation/Aspiration system; Needle-holder; Scissors; Ring scissors; Micro scissors; Sets; Others; Single-use Instruments; Microkeratome & Accessories; Consoles & accessories; Handpieces & accessories; Artificial Chambers; Heads,https://www.moria-surgical.com/product/lambert-forceps,https://www.moria-surgical.com/product/lambert-forceps, Spatula,MORIA,PINCES, Manipulator
2228,MORIA,elschnig-forceps-straight-with-crossed-teeth-2228,ophthalmology-surgical,active,,Elschnig Forceps(straight with crossed teeth),Elschnig Forceps(straight with crossed teeth), Needle & Irrigation/Aspiration system; Needle-holder; Scissors; Ring scissors; Micro scissors; Sets; Others; Single-use Instruments; Microkeratome & Accessories; Consoles & accessories; Handpieces & accessories; Artificial Chambers; Heads, Needle & Irrigation/Aspiration system; Needle-holder; Scissors; Ring scissors; Micro scissors; Sets; Others; Single-use Instruments; Microkeratome & Accessories; Consoles & accessories; Handpieces & accessories; Artificial Chambers; Heads,https://www.moria-surgical.com/product/elschnig-forceps,https://www.moria-surgical.com/product/elschnig-forceps, Spatula,MORIA,PINCES, Manipulator
1121B,MORIA,abadie-curette-small-model-8mm-1121b,ophthalmology-surgical,active,,Abadie Curette(small model: Ø 8mm),Abadie Curette(small model: Ø 8mm), Needle & Irrigation/Aspiration system; Needle-holder; Scissors; Ring scissors; Micro scissors; Sets; Single-use Instruments; Microkeratome & Accessories; Consoles & accessories; Handpieces & accessories; Artificial Chambers; Heads, Needle & Irrigation/Aspiration system; Needle-holder; Scissors; Ring scissors; Micro scissors; Sets; Single-use Instruments; Microkeratome & Accessories; Consoles & accessories; Handpieces & accessories; Artificial Chambers; Heads,https://www.moria-surgical.com/product/abadie-curette-8mm,https://www.moria-surgical.com/product/abadie-curette-8mm, Spatula,MORIA,CURETTES, Manipulator
20028,MORIA,fontana-double-ended-spatula-for-dalk-20028,ophthalmology-surgical,active,,Fontana Double-Ended Spatula(for DALK),Fontana Double-Ended Spatula(for DALK), Manipulator, Manipulator, Iris dilator, Iris dilator, Iris dilator,MORIA,SPATULES, Spatula
20032," SMILE)""",ancel-double-ended-spatula-for-lasik-20032,ophthalmology-surgical,active,,"""Ancel Double-Ended Spatula(for LASIK","""Ancel Double-Ended Spatula(for LASIK","""Reusable Instruments; Hook","""Reusable Instruments; Hook", Spatula, Spatula, Spatula,MORIA,SPATULES, Manipulator
M0570N,MORIA,nichamin-double-ended-spatula-double-ended-m0570n,ophthalmology-surgical,active,,Nichamin Double-Ended Spatula(double-ended),Nichamin Double-Ended Spatula(double-ended), Manipulator, Manipulator, Iris dilator, Iris dilator, Iris dilator,MORIA,SPATULES, Spatula
M0489,MORIA,castroviejo-double-ended-spatula-double-ended-m048,ophthalmology-surgical,active,,Castroviejo Double-Ended Spatula(double-ended),Castroviejo Double-Ended Spatula(double-ended), Manipulator, Manipulator, Iris dilator, Iris dilator, Iris dilator,MORIA,SPATULES, Spatula
M0712,MORIA,koch-spatula-6-5-mm-tip-m0712,ophthalmology-surgical,active,,Koch Spatula(6.5-mm tip),Koch Spatula(6.5-mm tip), Manipulator, Manipulator, Iris dilator, Iris dilator, Iris dilator,MORIA,SPATULES, Spatula
M32390,MORIA,nagahara-spatula-110-angled-tip-m32390,ophthalmology-surgical,active,,Nagahara Spatula(110° angled tip),Nagahara Spatula(110° angled tip), Manipulator, Manipulator, Iris dilator, Iris dilator, Iris dilator,MORIA,SPATULES, Spatula
MC43,MORIA,de-wecker-mosquito-forceps-straight-mc43,ophthalmology-surgical,active,,De Wecker “Mosquito” Forceps(straight),De Wecker “Mosquito” Forceps(straight), Needle & Irrigation/Aspiration system; Needle-holder; Scissors; Ring scissors; Micro scissors; Sets; Others; Single-use Instruments; Microkeratome & Accessories; Consoles & accessories; Handpieces & accessories; Artificial Chambers; Heads, Needle & Irrigation/Aspiration system; Needle-holder; Scissors; Ring scissors; Micro scissors; Sets; Others; Single-use Instruments; Microkeratome & Accessories; Consoles & accessories; Handpieces & accessories; Artificial Chambers; Heads,https://www.moria-surgical.com/product/de-wecker-mosquito-forceps,https://www.moria-surgical.com/product/de-wecker-mosquito-forceps, Spatula,MORIA,PINCES, Manipulator
2125,MORIA,desmarres-forceps-25-mm-2125,ophthalmology-surgical,active,,Desmarres Forceps(25 mm),Desmarres Forceps(25 mm), Needle & Irrigation/Aspiration system; Needle-holder; Scissors; Ring scissors; Micro scissors; Sets; Others; Single-use Instruments; Microkeratome & Accessories; Consoles & accessories; Handpieces & accessories; Artificial Chambers; Heads, Needle & Irrigation/Aspiration system; Needle-holder; Scissors; Ring scissors; Micro scissors; Sets; Others; Single-use Instruments; Microkeratome & Accessories; Consoles & accessories; Handpieces & accessories; Artificial Chambers; Heads,https://www.moria-surgical.com/product/desmarres-forceps,https://www.moria-surgical.com/product/desmarres-forceps, Spatula,MORIA,PINCES, Manipulator
MC44,MORIA,de-wecker-mosquito-forceps-curved-mc44,ophthalmology-surgical,active,,"""De Wecker """"Mosquito"""" Forceps(curved)""","""De Wecker """"Mosquito"""" Forceps(curved)""", Needle & Irrigation/Aspiration system; Needle-holder; Scissors; Ring scissors; Micro scissors; Sets; Others; Single-use Instruments; Microkeratome & Accessories; Consoles & accessories; Handpieces & accessories; Artificial Chambers; Heads, Needle & Irrigation/Aspiration system; Needle-holder; Scissors; Ring scissors; Micro scissors; Sets; Others; Single-use Instruments; Microkeratome & Accessories; Consoles & accessories; Handpieces & accessories; Artificial Chambers; Heads,https://www.moria-surgical.com/product/de-wecker-mosquito-forceps-2,https://www.moria-surgical.com/product/de-wecker-mosquito-forceps-2, Spatula,MORIA,PINCES, Manipulator
2321," cross-action)""",de-wecker-forceps-mosquito-straight-2321,ophthalmology-surgical,active,,"""De Wecker Forceps “Mosquito”(straight","""De Wecker Forceps “Mosquito”(straight", Retractor; Cannula, Retractor; Cannula," Blades & Suction Rings; Other accessories; Complete systems; Keratoplasty; Refractive; Punches & Trephines; Punches; Trephines; Resources center; Notices & brochures; The different types of surgery; Keratoplasty: Overview; Keratoplasty: DSAEK; Keratoplasty: DALK; Glaucoma: angle-closure; Cataract: Instrumentation; Cataract: Phacoemulsification; Cataract: Capsulorhexis; Cataract: Morganian; Oculoplasty : Curette; Oculoplasty : Chalazion; Retinopathy Of Prematurity; Benefits of Modern SBK Microkeratome; Corporate; Presentation; Human Resources; Moria in the World; Quality & Regulatory; CSR; Request a quote0; Search"""," Blades & Suction Rings; Other accessories; Complete systems; Keratoplasty; Refractive; Punches & Trephines; Punches; Trephines; Resources center; Notices & brochures; The different types of surgery; Keratoplasty: Overview; Keratoplasty: DSAEK; Keratoplasty: DALK; Glaucoma: angle-closure; Cataract: Instrumentation; Cataract: Phacoemulsification; Cataract: Capsulorhexis; Cataract: Morganian; Oculoplasty : Curette; Oculoplasty : Chalazion; Retinopathy Of Prematurity; Benefits of Modern SBK Microkeratome; Corporate; Presentation; Human Resources; Moria in the World; Quality & Regulatory; CSR; Request a quote0; Search""", Manipulator,MORIA,PINCES,"""Reusable Instruments; Forceps; Other forceps; De Wecker Forceps “Mosquito”; Speculum; Capsulorhexis forceps; Bonn forceps; Hook"
18158," serrated jaws)""",colin-forceps-cross-action-18158,ophthalmology-surgical,active,,"""Colin Forceps(cross-action","""Colin Forceps(cross-action", Retractor; Cannula, Retractor; Cannula," Blades & Suction Rings; Other accessories; Complete systems; Keratoplasty; Refractive; Punches & Trephines; Punches; Trephines; Resources center; Notices & brochures; The different types of surgery; Keratoplasty: Overview; Keratoplasty: DSAEK; Keratoplasty: DALK; Glaucoma: angle-closure; Cataract: Instrumentation; Cataract: Phacoemulsification; Cataract: Capsulorhexis; Cataract: Morganian; Oculoplasty : Curette; Oculoplasty : Chalazion; Retinopathy Of Prematurity; Benefits of Modern SBK Microkeratome; Corporate; Presentation; Human Resources; Moria in the World; Quality & Regulatory; CSR; Request a quote0; Search"""," Blades & Suction Rings; Other accessories; Complete systems; Keratoplasty; Refractive; Punches & Trephines; Punches; Trephines; Resources center; Notices & brochures; The different types of surgery; Keratoplasty: Overview; Keratoplasty: DSAEK; Keratoplasty: DALK; Glaucoma: angle-closure; Cataract: Instrumentation; Cataract: Phacoemulsification; Cataract: Capsulorhexis; Cataract: Morganian; Oculoplasty : Curette; Oculoplasty : Chalazion; Retinopathy Of Prematurity; Benefits of Modern SBK Microkeratome; Corporate; Presentation; Human Resources; Moria in the World; Quality & Regulatory; CSR; Request a quote0; Search""", Manipulator,MORIA,PINCES,"""Reusable Instruments; Forceps; Other forceps; Colin Forceps; Speculum; Capsulorhexis forceps; Bonn forceps; Hook"
Moria Surgical, medium size,forceps-straight-moria-surgical,ophthalmology-surgical,active,,"""Forceps(straight","""Forceps(straight", Iris dilator, Iris dilator, Needle & Irrigation/Aspiration system; Needle-holder; Scissors; Ring scissors; Micro scissors; Sets; Others; Single-use Instruments; Microkeratome & Accessories; Consoles & accessories; Handpieces & accessories; Artificial Chambers; Heads, Needle & Irrigation/Aspiration system; Needle-holder; Scissors; Ring scissors; Micro scissors; Sets; Others; Single-use Instruments; Microkeratome & Accessories; Consoles & accessories; Handpieces & accessories; Artificial Chambers; Heads,"""Reusable Instruments; Forceps; Other forceps; Speculum; Capsulorhexis forceps; Bonn forceps; Hook",MORIA,PINCES,Other forceps > Forceps
6031BIS," Swiss model(1.5-mm concave jaws)""",cilia-forceps-6031bis,ophthalmology-surgical,active,,"""Cilia Forceps","""Cilia Forceps", Spatula, Spatula, Retractor; Cannula, Retractor; Cannula,"""Reusable Instruments; Forceps; Other forceps; Cilia Forceps",MORIA,PINCES," Swiss model"""
13245," angled)""",mac-pherson-moria-forceps-0-2-mm-teeth-with-platfo,ophthalmology-surgical,active,,"""Mac Pherson-Moria Forceps(0.2-mm teeth with platforms","""Mac Pherson-Moria Forceps(0.2-mm teeth with platforms", Retractor; Cannula, Retractor; Cannula," Blades & Suction Rings; Other accessories; Complete systems; Keratoplasty; Refractive; Punches & Trephines; Punches; Trephines; Resources center; Notices & brochures; The different types of surgery; Keratoplasty: Overview; Keratoplasty: DSAEK; Keratoplasty: DALK; Glaucoma: angle-closure; Cataract: Instrumentation; Cataract: Phacoemulsification; Cataract: Capsulorhexis; Cataract: Morganian; Oculoplasty : Curette; Oculoplasty : Chalazion; Retinopathy Of Prematurity; Benefits of Modern SBK Microkeratome; Corporate; Presentation; Human Resources; Moria in the World; Quality & Regulatory; CSR; Request a quote0; Search"""," Blades & Suction Rings; Other accessories; Complete systems; Keratoplasty; Refractive; Punches & Trephines; Punches; Trephines; Resources center; Notices & brochures; The different types of surgery; Keratoplasty: Overview; Keratoplasty: DSAEK; Keratoplasty: DALK; Glaucoma: angle-closure; Cataract: Instrumentation; Cataract: Phacoemulsification; Cataract: Capsulorhexis; Cataract: Morganian; Oculoplasty : Curette; Oculoplasty : Chalazion; Retinopathy Of Prematurity; Benefits of Modern SBK Microkeratome; Corporate; Presentation; Human Resources; Moria in the World; Quality & Regulatory; CSR; Request a quote0; Search""", Manipulator,MORIA,PINCES,"""Reusable Instruments; Forceps; Bonn forceps; Mac Pherson-Moria Forceps; Speculum; Capsulorhexis forceps; Other forceps; Hook"
7850C," straight jaws)""",moria-forceps-3-mm-platforms-7850c,ophthalmology-surgical,active,,"""Moria Forceps(3-mm platforms","""Moria Forceps(3-mm platforms", Retractor; Cannula, Retractor; Cannula," Blades & Suction Rings; Other accessories; Complete systems; Keratoplasty; Refractive; Punches & Trephines; Punches; Trephines; Resources center; Notices & brochures; The different types of surgery; Keratoplasty: Overview; Keratoplasty: DSAEK; Keratoplasty: DALK; Glaucoma: angle-closure; Cataract: Instrumentation; Cataract: Phacoemulsification; Cataract: Capsulorhexis; Cataract: Morganian; Oculoplasty : Curette; Oculoplasty : Chalazion; Retinopathy Of Prematurity; Benefits of Modern SBK Microkeratome; Corporate; Presentation; Human Resources; Moria in the World; Quality & Regulatory; CSR; Request a quote0; Search"""," Blades & Suction Rings; Other accessories; Complete systems; Keratoplasty; Refractive; Punches & Trephines; Punches; Trephines; Resources center; Notices & brochures; The different types of surgery; Keratoplasty: Overview; Keratoplasty: DSAEK; Keratoplasty: DALK; Glaucoma: angle-closure; Cataract: Instrumentation; Cataract: Phacoemulsification; Cataract: Capsulorhexis; Cataract: Morganian; Oculoplasty : Curette; Oculoplasty : Chalazion; Retinopathy Of Prematurity; Benefits of Modern SBK Microkeratome; Corporate; Presentation; Human Resources; Moria in the World; Quality & Regulatory; CSR; Request a quote0; Search""", Manipulator,MORIA,PINCES,"""Reusable Instruments; Forceps; Other forceps; Moria Forceps; Speculum; Capsulorhexis forceps; Bonn forceps; Hook"
2221,MORIA,barraquer-forceps-straight-with-oblique-teeth-2221,ophthalmology-surgical,active,,Barraquer Forceps(straight with oblique teeth),Barraquer Forceps(straight with oblique teeth), Needle & Irrigation/Aspiration system; Needle-holder; Scissors; Ring scissors; Micro scissors; Sets; Others; Single-use Instruments; Microkeratome & Accessories; Consoles & accessories; Handpieces & accessories; Artificial Chambers; Heads, Needle & Irrigation/Aspiration system; Needle-holder; Scissors; Ring scissors; Micro scissors; Sets; Others; Single-use Instruments; Microkeratome & Accessories; Consoles & accessories; Handpieces & accessories; Artificial Chambers; Heads,https://www.moria-surgical.com/product/barraquer-forceps-2,https://www.moria-surgical.com/product/barraquer-forceps-2, Spatula,MORIA,PINCES, Manipulator
20021,MORIA,y-stroma-descemetic-dissector-for-dmek-20021,ophthalmology-surgical,active,,"""""""Y"""" Stroma-Descemetic Dissector(for DMEK)""","""""""Y"""" Stroma-Descemetic Dissector(for DMEK)""", Manipulator, Manipulator, Iris dilator, Iris dilator, Iris dilator,MORIA,MARQUEURS, Spatula
20000,MORIA,crozafon-forceps-1-8-mm-1-8-mm-incision-20000,ophthalmology-surgical,active,,Crozafon Forceps - 1.8 mm(1.8-mm incision),Crozafon Forceps - 1.8 mm(1.8-mm incision), Needle & Irrigation/Aspiration system; Needle-holder; Scissors; Ring scissors; Micro scissors; Sets; Others; Single-use Instruments; Microkeratome & Accessories; Consoles & accessories; Handpieces & accessories; Artificial Chambers; Heads, Needle & Irrigation/Aspiration system; Needle-holder; Scissors; Ring scissors; Micro scissors; Sets; Others; Single-use Instruments; Microkeratome & Accessories; Consoles & accessories; Handpieces & accessories; Artificial Chambers; Heads,https://www.moria-surgical.com/product/crozafon-forceps-2,https://www.moria-surgical.com/product/crozafon-forceps-2, Spatula,MORIA,PINCES, Manipulator
18225,MORIA,fechtner-forceps-fine-tying-platforms-18225,ophthalmology-surgical,active,,Fechtner Forceps(fine tying platforms),Fechtner Forceps(fine tying platforms), Needle & Irrigation/Aspiration system; Needle-holder; Scissors; Ring scissors; Micro scissors; Sets; Others; Single-use Instruments; Microkeratome & Accessories; Consoles & accessories; Handpieces & accessories; Artificial Chambers; Heads, Needle & Irrigation/Aspiration system; Needle-holder; Scissors; Ring scissors; Micro scissors; Sets; Others; Single-use Instruments; Microkeratome & Accessories; Consoles & accessories; Handpieces & accessories; Artificial Chambers; Heads,https://www.moria-surgical.com/product/fechtner-forceps,https://www.moria-surgical.com/product/fechtner-forceps, Spatula,MORIA,PINCES, Manipulator
19074,MORIA,iol-explantation-forceps-7-mm-serrated-jaws-19074,ophthalmology-surgical,active,,IOL Explantation Forceps(7-mm serrated jaws),IOL Explantation Forceps(7-mm serrated jaws), Needle & Irrigation/Aspiration system; Needle-holder; Scissors; Ring scissors; Micro scissors; Sets; Others; Single-use Instruments; Microkeratome & Accessories; Consoles & accessories; Handpieces & accessories; Artificial Chambers; Heads, Needle & Irrigation/Aspiration system; Needle-holder; Scissors; Ring scissors; Micro scissors; Sets; Others; Single-use Instruments; Microkeratome & Accessories; Consoles & accessories; Handpieces & accessories; Artificial Chambers; Heads,https://www.moria-surgical.com/product/iol-explantation-forceps,https://www.moria-surgical.com/product/iol-explantation-forceps, Spatula,MORIA,PINCES, Manipulator
MC40,MORIA,dumont-forceps-straight-mc40,ophthalmology-surgical,active,,Dumont Forceps(straight),Dumont Forceps(straight), Needle & Irrigation/Aspiration system; Needle-holder; Scissors; Ring scissors; Micro scissors; Sets; Others; Single-use Instruments; Microkeratome & Accessories; Consoles & accessories; Handpieces & accessories; Artificial Chambers; Heads, Needle & Irrigation/Aspiration system; Needle-holder; Scissors; Ring scissors; Micro scissors; Sets; Others; Single-use Instruments; Microkeratome & Accessories; Consoles & accessories; Handpieces & accessories; Artificial Chambers; Heads,https://www.moria-surgical.com/product/dumont-forceps,https://www.moria-surgical.com/product/dumont-forceps, Spatula,MORIA,PINCES, Manipulator
MC40B,MORIA,dumont-forceps-curved-mc40b,ophthalmology-surgical,active,,Dumont Forceps(curved),Dumont Forceps(curved), Needle & Irrigation/Aspiration system; Needle-holder; Scissors; Ring scissors; Micro scissors; Sets; Others; Single-use Instruments; Microkeratome & Accessories; Consoles & accessories; Handpieces & accessories; Artificial Chambers; Heads, Needle & Irrigation/Aspiration system; Needle-holder; Scissors; Ring scissors; Micro scissors; Sets; Others; Single-use Instruments; Microkeratome & Accessories; Consoles & accessories; Handpieces & accessories; Artificial Chambers; Heads,https://www.moria-surgical.com/product/dumont-forceps-2,https://www.moria-surgical.com/product/dumont-forceps-2, Spatula,MORIA,PINCES, Manipulator
19079," cross-action)""",hachet-capsulorhexis-forceps-2-2-mm-incision-19079,ophthalmology-surgical,active,,"""Hachet Capsulorhexis Forceps(2.2-mm incision","""Hachet Capsulorhexis Forceps(2.2-mm incision", Retractor; Cannula, Retractor; Cannula," Blades & Suction Rings; Other accessories; Complete systems; Keratoplasty; Refractive; Punches & Trephines; Punches; Trephines; Resources center; Notices & brochures; The different types of surgery; Keratoplasty: Overview; Keratoplasty: DSAEK; Keratoplasty: DALK; Glaucoma: angle-closure; Cataract: Instrumentation; Cataract: Phacoemulsification; Cataract: Capsulorhexis; Cataract: Morganian; Oculoplasty : Curette; Oculoplasty : Chalazion; Retinopathy Of Prematurity; Benefits of Modern SBK Microkeratome; Corporate; Presentation; Human Resources; Moria in the World; Quality & Regulatory; CSR; Request a quote0; Search"""," Blades & Suction Rings; Other accessories; Complete systems; Keratoplasty; Refractive; Punches & Trephines; Punches; Trephines; Resources center; Notices & brochures; The different types of surgery; Keratoplasty: Overview; Keratoplasty: DSAEK; Keratoplasty: DALK; Glaucoma: angle-closure; Cataract: Instrumentation; Cataract: Phacoemulsification; Cataract: Capsulorhexis; Cataract: Morganian; Oculoplasty : Curette; Oculoplasty : Chalazion; Retinopathy Of Prematurity; Benefits of Modern SBK Microkeratome; Corporate; Presentation; Human Resources; Moria in the World; Quality & Regulatory; CSR; Request a quote0; Search""", Manipulator,MORIA,PINCES,"""Reusable Instruments; Forceps; Capsulorhexis forceps; Hachet Capsulorhexis Forceps; Speculum; Bonn forceps; Other forceps; Hook"
19082,MORIA,de-laage-forceps-curved-19082,ophthalmology-surgical,active,,De Laage Forceps(curved),De Laage Forceps(curved), Needle & Irrigation/Aspiration system; Needle-holder; Scissors; Ring scissors; Micro scissors; Sets; Others; Single-use Instruments; Microkeratome & Accessories; Consoles & accessories; Handpieces & accessories; Artificial Chambers; Heads, Needle & Irrigation/Aspiration system; Needle-holder; Scissors; Ring scissors; Micro scissors; Sets; Others; Single-use Instruments; Microkeratome & Accessories; Consoles & accessories; Handpieces & accessories; Artificial Chambers; Heads,https://www.moria-surgical.com/product/de-laage-forceps,https://www.moria-surgical.com/product/de-laage-forceps, Spatula,MORIA,PINCES, Manipulator
20001," 2.2-mm incision)""",crozafon-micro-pre-chopper-cross-action-20001,ophthalmology-surgical,active,,"""Crozafon Micro Pre-Chopper(cross-action","""Crozafon Micro Pre-Chopper(cross-action", Retractor; Cannula, Retractor; Cannula," Blades & Suction Rings; Other accessories; Complete systems; Keratoplasty; Refractive; Punches & Trephines; Punches; Trephines; Resources center; Notices & brochures; The different types of surgery; Keratoplasty: Overview; Keratoplasty: DSAEK; Keratoplasty: DALK; Glaucoma: angle-closure; Cataract: Instrumentation; Cataract: Phacoemulsification; Cataract: Capsulorhexis; Cataract: Morganian; Oculoplasty : Curette; Oculoplasty : Chalazion; Retinopathy Of Prematurity; Benefits of Modern SBK Microkeratome; Corporate; Presentation; Human Resources; Moria in the World; Quality & Regulatory; CSR; Request a quote0; Search"""," Blades & Suction Rings; Other accessories; Complete systems; Keratoplasty; Refractive; Punches & Trephines; Punches; Trephines; Resources center; Notices & brochures; The different types of surgery; Keratoplasty: Overview; Keratoplasty: DSAEK; Keratoplasty: DALK; Glaucoma: angle-closure; Cataract: Instrumentation; Cataract: Phacoemulsification; Cataract: Capsulorhexis; Cataract: Morganian; Oculoplasty : Curette; Oculoplasty : Chalazion; Retinopathy Of Prematurity; Benefits of Modern SBK Microkeratome; Corporate; Presentation; Human Resources; Moria in the World; Quality & Regulatory; CSR; Request a quote0; Search""", Manipulator,MORIA,PINCES,"""Reusable Instruments; Forceps; Other forceps; Crozafon Micro Pre-Chopper; Speculum; Capsulorhexis forceps; Bonn forceps; Hook"
6223," 0.5-mm oblique teeth)""",de-saint-martin-barraquer-forceps-5-mm-tying-platf,ophthalmology-surgical,active,,"""De Saint Martin-Barraquer Forceps(5-mm tying platforms","""De Saint Martin-Barraquer Forceps(5-mm tying platforms", Retractor; Cannula, Retractor; Cannula," Blades & Suction Rings; Other accessories; Complete systems; Keratoplasty; Refractive; Punches & Trephines; Punches; Trephines; Resources center; Notices & brochures; The different types of surgery; Keratoplasty: Overview; Keratoplasty: DSAEK; Keratoplasty: DALK; Glaucoma: angle-closure; Cataract: Instrumentation; Cataract: Phacoemulsification; Cataract: Capsulorhexis; Cataract: Morganian; Oculoplasty : Curette; Oculoplasty : Chalazion; Retinopathy Of Prematurity; Benefits of Modern SBK Microkeratome; Corporate; Presentation; Human Resources; Moria in the World; Quality & Regulatory; CSR; Request a quote0; Search"""," Blades & Suction Rings; Other accessories; Complete systems; Keratoplasty; Refractive; Punches & Trephines; Punches; Trephines; Resources center; Notices & brochures; The different types of surgery; Keratoplasty: Overview; Keratoplasty: DSAEK; Keratoplasty: DALK; Glaucoma: angle-closure; Cataract: Instrumentation; Cataract: Phacoemulsification; Cataract: Capsulorhexis; Cataract: Morganian; Oculoplasty : Curette; Oculoplasty : Chalazion; Retinopathy Of Prematurity; Benefits of Modern SBK Microkeratome; Corporate; Presentation; Human Resources; Moria in the World; Quality & Regulatory; CSR; Request a quote0; Search""", Manipulator,MORIA,PINCES,"""Reusable Instruments; Forceps; Other forceps; De Saint Martin-Barraquer Forceps; Speculum; Capsulorhexis forceps; Bonn forceps; Hook"
20003,MORIA,ogawa-forceps-for-dsaek-graft-insertion-20003,ophthalmology-surgical,active,,Ogawa Forceps(for DSAEK graft insertion),Ogawa Forceps(for DSAEK graft insertion), Needle & Irrigation/Aspiration system; Needle-holder; Scissors; Ring scissors; Micro scissors; Sets; Others; Single-use Instruments; Microkeratome & Accessories; Consoles & accessories; Handpieces & accessories; Artificial Chambers; Heads, Needle & Irrigation/Aspiration system; Needle-holder; Scissors; Ring scissors; Micro scissors; Sets; Others; Single-use Instruments; Microkeratome & Accessories; Consoles & accessories; Handpieces & accessories; Artificial Chambers; Heads,https://www.moria-surgical.com/product/ogawa-forceps,https://www.moria-surgical.com/product/ogawa-forceps, Spatula,MORIA,PINCES, Manipulator
20004," distal control)""",20g-busin-forceps-20g-20004,ophthalmology-surgical,active,,"""20G Busin Forceps(20G","""20G Busin Forceps(20G", Retractor; Cannula, Retractor; Cannula," Blades & Suction Rings; Other accessories; Complete systems; Keratoplasty; Refractive; Punches & Trephines; Punches; Trephines; Resources center; Notices & brochures; The different types of surgery; Keratoplasty: Overview; Keratoplasty: DSAEK; Keratoplasty: DALK; Glaucoma: angle-closure; Cataract: Instrumentation; Cataract: Phacoemulsification; Cataract: Capsulorhexis; Cataract: Morganian; Oculoplasty : Curette; Oculoplasty : Chalazion; Retinopathy Of Prematurity; Benefits of Modern SBK Microkeratome; Corporate; Presentation; Human Resources; Moria in the World; Quality & Regulatory; CSR; Request a quote0; Search"""," Blades & Suction Rings; Other accessories; Complete systems; Keratoplasty; Refractive; Punches & Trephines; Punches; Trephines; Resources center; Notices & brochures; The different types of surgery; Keratoplasty: Overview; Keratoplasty: DSAEK; Keratoplasty: DALK; Glaucoma: angle-closure; Cataract: Instrumentation; Cataract: Phacoemulsification; Cataract: Capsulorhexis; Cataract: Morganian; Oculoplasty : Curette; Oculoplasty : Chalazion; Retinopathy Of Prematurity; Benefits of Modern SBK Microkeratome; Corporate; Presentation; Human Resources; Moria in the World; Quality & Regulatory; CSR; Request a quote0; Search""", Manipulator,MORIA,PINCES,"""Reusable Instruments; Forceps; Other forceps; 20G Busin Forceps; Speculum; Capsulorhexis forceps; Bonn forceps; Hook"
9980," ultra-thin tip)""",micro-surgery-forceps-straight-9980,ophthalmology-surgical,active,,"""Micro-Surgery Forceps(straight","""Micro-Surgery Forceps(straight", Retractor; Cannula, Retractor; Cannula," Blades & Suction Rings; Other accessories; Complete systems; Keratoplasty; Refractive; Punches & Trephines; Punches; Trephines; Resources center; Notices & brochures; The different types of surgery; Keratoplasty: Overview; Keratoplasty: DSAEK; Keratoplasty: DALK; Glaucoma: angle-closure; Cataract: Instrumentation; Cataract: Phacoemulsification; Cataract: Capsulorhexis; Cataract: Morganian; Oculoplasty : Curette; Oculoplasty : Chalazion; Retinopathy Of Prematurity; Benefits of Modern SBK Microkeratome; Corporate; Presentation; Human Resources; Moria in the World; Quality & Regulatory; CSR; Request a quote0; Search"""," Blades & Suction Rings; Other accessories; Complete systems; Keratoplasty; Refractive; Punches & Trephines; Punches; Trephines; Resources center; Notices & brochures; The different types of surgery; Keratoplasty: Overview; Keratoplasty: DSAEK; Keratoplasty: DALK; Glaucoma: angle-closure; Cataract: Instrumentation; Cataract: Phacoemulsification; Cataract: Capsulorhexis; Cataract: Morganian; Oculoplasty : Curette; Oculoplasty : Chalazion; Retinopathy Of Prematurity; Benefits of Modern SBK Microkeratome; Corporate; Presentation; Human Resources; Moria in the World; Quality & Regulatory; CSR; Request a quote0; Search""", Manipulator,MORIA,PINCES,"""Reusable Instruments; Forceps; Other forceps; Micro-Surgery Forceps; Speculum; Capsulorhexis forceps; Bonn forceps; Hook"
9983,MORIA,micro-surgery-forceps-straight-9983,ophthalmology-surgical,active,,Micro-Surgery Forceps(straight),Micro-Surgery Forceps(straight), Needle & Irrigation/Aspiration system; Needle-holder; Scissors; Ring scissors; Micro scissors; Sets; Others; Single-use Instruments; Microkeratome & Accessories; Consoles & accessories; Handpieces & accessories; Artificial Chambers; Heads, Needle & Irrigation/Aspiration system; Needle-holder; Scissors; Ring scissors; Micro scissors; Sets; Others; Single-use Instruments; Microkeratome & Accessories; Consoles & accessories; Handpieces & accessories; Artificial Chambers; Heads,https://www.moria-surgical.com/product/moria-microsurgery-forceps-2,https://www.moria-surgical.com/product/moria-microsurgery-forceps-2, Spatula,MORIA,PINCES, Manipulator
9987,MORIA,micro-surgery-forceps-curved-9987,ophthalmology-surgical,active,,Micro-Surgery Forceps(curved),Micro-Surgery Forceps(curved), Needle & Irrigation/Aspiration system; Needle-holder; Scissors; Ring scissors; Micro scissors; Sets; Others; Single-use Instruments; Microkeratome & Accessories; Consoles & accessories; Handpieces & accessories; Artificial Chambers; Heads, Needle & Irrigation/Aspiration system; Needle-holder; Scissors; Ring scissors; Micro scissors; Sets; Others; Single-use Instruments; Microkeratome & Accessories; Consoles & accessories; Handpieces & accessories; Artificial Chambers; Heads,https://www.moria-surgical.com/product/moria-microsurgery-forceps-3,https://www.moria-surgical.com/product/moria-microsurgery-forceps-3, Spatula,MORIA,PINCES, Manipulator
MC31," serrated jaws)""",iris-forceps-curved-mc31,ophthalmology-surgical,active,,"""Iris Forceps(curved","""Iris Forceps(curved", Retractor; Cannula, Retractor; Cannula," Blades & Suction Rings; Other accessories; Complete systems; Keratoplasty; Refractive; Punches & Trephines; Punches; Trephines; Resources center; Notices & brochures; The different types of surgery; Keratoplasty: Overview; Keratoplasty: DSAEK; Keratoplasty: DALK; Glaucoma: angle-closure; Cataract: Instrumentation; Cataract: Phacoemulsification; Cataract: Capsulorhexis; Cataract: Morganian; Oculoplasty : Curette; Oculoplasty : Chalazion; Retinopathy Of Prematurity; Benefits of Modern SBK Microkeratome; Corporate; Presentation; Human Resources; Moria in the World; Quality & Regulatory; CSR; Request a quote0; Search"""," Blades & Suction Rings; Other accessories; Complete systems; Keratoplasty; Refractive; Punches & Trephines; Punches; Trephines; Resources center; Notices & brochures; The different types of surgery; Keratoplasty: Overview; Keratoplasty: DSAEK; Keratoplasty: DALK; Glaucoma: angle-closure; Cataract: Instrumentation; Cataract: Phacoemulsification; Cataract: Capsulorhexis; Cataract: Morganian; Oculoplasty : Curette; Oculoplasty : Chalazion; Retinopathy Of Prematurity; Benefits of Modern SBK Microkeratome; Corporate; Presentation; Human Resources; Moria in the World; Quality & Regulatory; CSR; Request a quote0; Search""", Manipulator,MORIA,PINCES,"""Reusable Instruments; Forceps; Other forceps; Iris Forceps; Speculum; Capsulorhexis forceps; Bonn forceps; Hook"
7384," 0.4-mm oblique teeth)""",castroviejo-forceps-6-mm-tying-platforms-7384,ophthalmology-surgical,active,,"""Castroviejo Forceps(6-mm tying platforms","""Castroviejo Forceps(6-mm tying platforms", Retractor; Cannula, Retractor; Cannula," Blades & Suction Rings; Other accessories; Complete systems; Keratoplasty; Refractive; Punches & Trephines; Punches; Trephines; Resources center; Notices & brochures; The different types of surgery; Keratoplasty: Overview; Keratoplasty: DSAEK; Keratoplasty: DALK; Glaucoma: angle-closure; Cataract: Instrumentation; Cataract: Phacoemulsification; Cataract: Capsulorhexis; Cataract: Morganian; Oculoplasty : Curette; Oculoplasty : Chalazion; Retinopathy Of Prematurity; Benefits of Modern SBK Microkeratome; Corporate; Presentation; Human Resources; Moria in the World; Quality & Regulatory; CSR; Request a quote0; Search"""," Blades & Suction Rings; Other accessories; Complete systems; Keratoplasty; Refractive; Punches & Trephines; Punches; Trephines; Resources center; Notices & brochures; The different types of surgery; Keratoplasty: Overview; Keratoplasty: DSAEK; Keratoplasty: DALK; Glaucoma: angle-closure; Cataract: Instrumentation; Cataract: Phacoemulsification; Cataract: Capsulorhexis; Cataract: Morganian; Oculoplasty : Curette; Oculoplasty : Chalazion; Retinopathy Of Prematurity; Benefits of Modern SBK Microkeratome; Corporate; Presentation; Human Resources; Moria in the World; Quality & Regulatory; CSR; Request a quote0; Search""", Manipulator,MORIA,PINCES,"""Reusable Instruments; Forceps; Other forceps; Castroviejo Forceps; Speculum; Capsulorhexis forceps; Bonn forceps; Hook"
3225,MORIA,burrato-sinskey-manipulator-hook-angled-active-par,ophthalmology-surgical,active,,Burrato-Sinskey Manipulator Hook(angled active part with a 0.7-mm angled tip),Burrato-Sinskey Manipulator Hook(angled active part with a 0.7-mm angled tip), Manipulator, Manipulator, Iris dilator, Iris dilator, Iris dilator,MORIA,PINCES, Spatula
13238," 7-mm jaws)""",blaydes-forceps-cross-action-13238,ophthalmology-surgical,active,,"""Blaydes Forceps(cross-action","""Blaydes Forceps(cross-action", Retractor; Cannula, Retractor; Cannula," Blades & Suction Rings; Other accessories; Complete systems; Keratoplasty; Refractive; Punches & Trephines; Punches; Trephines; Resources center; Notices & brochures; The different types of surgery; Keratoplasty: Overview; Keratoplasty: DSAEK; Keratoplasty: DALK; Glaucoma: angle-closure; Cataract: Instrumentation; Cataract: Phacoemulsification; Cataract: Capsulorhexis; Cataract: Morganian; Oculoplasty : Curette; Oculoplasty : Chalazion; Retinopathy Of Prematurity; Benefits of Modern SBK Microkeratome; Corporate; Presentation; Human Resources; Moria in the World; Quality & Regulatory; CSR; Request a quote0; Search"""," Blades & Suction Rings; Other accessories; Complete systems; Keratoplasty; Refractive; Punches & Trephines; Punches; Trephines; Resources center; Notices & brochures; The different types of surgery; Keratoplasty: Overview; Keratoplasty: DSAEK; Keratoplasty: DALK; Glaucoma: angle-closure; Cataract: Instrumentation; Cataract: Phacoemulsification; Cataract: Capsulorhexis; Cataract: Morganian; Oculoplasty : Curette; Oculoplasty : Chalazion; Retinopathy Of Prematurity; Benefits of Modern SBK Microkeratome; Corporate; Presentation; Human Resources; Moria in the World; Quality & Regulatory; CSR; Request a quote0; Search""", Manipulator,MORIA,PINCES,"""Reusable Instruments; Forceps; Other forceps; Blaydes Forceps; Speculum; Capsulorhexis forceps; Bonn forceps; Hook"
Moria Surgical, straight,moria-forceps-7-mm-platforms-moria-surgical,ophthalmology-surgical,active,,"""Moria Forceps(7-mm platforms","""Moria Forceps(7-mm platforms", Iris dilator, Iris dilator, Needle & Irrigation/Aspiration system; Needle-holder; Scissors; Ring scissors; Micro scissors; Sets; Others; Single-use Instruments; Microkeratome & Accessories; Consoles & accessories; Handpieces & accessories; Artificial Chambers; Heads, Needle & Irrigation/Aspiration system; Needle-holder; Scissors; Ring scissors; Micro scissors; Sets; Others; Single-use Instruments; Microkeratome & Accessories; Consoles & accessories; Handpieces & accessories; Artificial Chambers; Heads,"""Reusable Instruments; Forceps; Other forceps; Moria Forceps; Speculum; Capsulorhexis forceps; Bonn forceps; Hook",MORIA,PINCES,Other forceps > Moria Forceps
13261,MORIA,waring-forceps-7-mm-jaws-13261,ophthalmology-surgical,active,,Waring Forceps(7-mm jaws),Waring Forceps(7-mm jaws), Needle & Irrigation/Aspiration system; Needle-holder; Scissors; Ring scissors; Micro scissors; Sets; Others; Single-use Instruments; Microkeratome & Accessories; Consoles & accessories; Handpieces & accessories; Artificial Chambers; Heads, Needle & Irrigation/Aspiration system; Needle-holder; Scissors; Ring scissors; Micro scissors; Sets; Others; Single-use Instruments; Microkeratome & Accessories; Consoles & accessories; Handpieces & accessories; Artificial Chambers; Heads,https://www.moria-surgical.com/product/waring-forceps,https://www.moria-surgical.com/product/waring-forceps, Spatula,MORIA,PINCES, Manipulator
17161,MORIA,faulkner-holding-forceps-7-mm-jaws-17161,ophthalmology-surgical,active,,Faulkner Holding Forceps(7-mm jaws),Faulkner Holding Forceps(7-mm jaws), Needle & Irrigation/Aspiration system; Needle-holder; Scissors; Ring scissors; Micro scissors; Sets; Others; Single-use Instruments; Microkeratome & Accessories; Consoles & accessories; Handpieces & accessories; Artificial Chambers; Heads, Needle & Irrigation/Aspiration system; Needle-holder; Scissors; Ring scissors; Micro scissors; Sets; Others; Single-use Instruments; Microkeratome & Accessories; Consoles & accessories; Handpieces & accessories; Artificial Chambers; Heads,https://www.moria-surgical.com/product/faulkner-holding-forceps,https://www.moria-surgical.com/product/faulkner-holding-forceps, Spatula,MORIA,PINCES, Manipulator
19003,MORIA,implant-forceps-8-mm-jaws-19003,ophthalmology-surgical,active,,Implant Forceps(8-mm jaws),Implant Forceps(8-mm jaws), Needle & Irrigation/Aspiration system; Needle-holder; Scissors; Ring scissors; Micro scissors; Sets; Others; Single-use Instruments; Microkeratome & Accessories; Consoles & accessories; Handpieces & accessories; Artificial Chambers; Heads, Needle & Irrigation/Aspiration system; Needle-holder; Scissors; Ring scissors; Micro scissors; Sets; Others; Single-use Instruments; Microkeratome & Accessories; Consoles & accessories; Handpieces & accessories; Artificial Chambers; Heads,https://www.moria-surgical.com/product/implant-forceps,https://www.moria-surgical.com/product/implant-forceps, Spatula,MORIA,PINCES, Manipulator
7850B,MORIA,moria-forceps-0-18-mm-teeth-with-platforms-7850b,ophthalmology-surgical,active,,Moria Forceps(0.18-mm teeth with platforms),Moria Forceps(0.18-mm teeth with platforms), Needle & Irrigation/Aspiration system; Needle-holder; Scissors; Ring scissors; Micro scissors; Sets; Others; Single-use Instruments; Microkeratome & Accessories; Consoles & accessories; Handpieces & accessories; Artificial Chambers; Heads, Needle & Irrigation/Aspiration system; Needle-holder; Scissors; Ring scissors; Micro scissors; Sets; Others; Single-use Instruments; Microkeratome & Accessories; Consoles & accessories; Handpieces & accessories; Artificial Chambers; Heads,https://www.moria-surgical.com/product/moria-forceps-3,https://www.moria-surgical.com/product/moria-forceps-3, Spatula,MORIA,PINCES, Manipulator
9604," straight)""",troutman-forceps-8-mm-platforms-9604,ophthalmology-surgical,active,,"""Troutman Forceps(8-mm platforms","""Troutman Forceps(8-mm platforms", Retractor; Cannula, Retractor; Cannula," Blades & Suction Rings; Other accessories; Complete systems; Keratoplasty; Refractive; Punches & Trephines; Punches; Trephines; Resources center; Notices & brochures; The different types of surgery; Keratoplasty: Overview; Keratoplasty: DSAEK; Keratoplasty: DALK; Glaucoma: angle-closure; Cataract: Instrumentation; Cataract: Phacoemulsification; Cataract: Capsulorhexis; Cataract: Morganian; Oculoplasty : Curette; Oculoplasty : Chalazion; Retinopathy Of Prematurity; Benefits of Modern SBK Microkeratome; Corporate; Presentation; Human Resources; Moria in the World; Quality & Regulatory; CSR; Request a quote0; Search"""," Blades & Suction Rings; Other accessories; Complete systems; Keratoplasty; Refractive; Punches & Trephines; Punches; Trephines; Resources center; Notices & brochures; The different types of surgery; Keratoplasty: Overview; Keratoplasty: DSAEK; Keratoplasty: DALK; Glaucoma: angle-closure; Cataract: Instrumentation; Cataract: Phacoemulsification; Cataract: Capsulorhexis; Cataract: Morganian; Oculoplasty : Curette; Oculoplasty : Chalazion; Retinopathy Of Prematurity; Benefits of Modern SBK Microkeratome; Corporate; Presentation; Human Resources; Moria in the World; Quality & Regulatory; CSR; Request a quote0; Search""", Manipulator,MORIA,PINCES,"""Reusable Instruments; Forceps; Other forceps; Troutman Forceps; Speculum; Capsulorhexis forceps; Bonn forceps; Hook"
9605," curved)""",troutman-forceps-7-5-mm-platforms-9605,ophthalmology-surgical,active,,"""Troutman Forceps(7.5-mm platforms","""Troutman Forceps(7.5-mm platforms", Retractor; Cannula, Retractor; Cannula," Blades & Suction Rings; Other accessories; Complete systems; Keratoplasty; Refractive; Punches & Trephines; Punches; Trephines; Resources center; Notices & brochures; The different types of surgery; Keratoplasty: Overview; Keratoplasty: DSAEK; Keratoplasty: DALK; Glaucoma: angle-closure; Cataract: Instrumentation; Cataract: Phacoemulsification; Cataract: Capsulorhexis; Cataract: Morganian; Oculoplasty : Curette; Oculoplasty : Chalazion; Retinopathy Of Prematurity; Benefits of Modern SBK Microkeratome; Corporate; Presentation; Human Resources; Moria in the World; Quality & Regulatory; CSR; Request a quote0; Search"""," Blades & Suction Rings; Other accessories; Complete systems; Keratoplasty; Refractive; Punches & Trephines; Punches; Trephines; Resources center; Notices & brochures; The different types of surgery; Keratoplasty: Overview; Keratoplasty: DSAEK; Keratoplasty: DALK; Glaucoma: angle-closure; Cataract: Instrumentation; Cataract: Phacoemulsification; Cataract: Capsulorhexis; Cataract: Morganian; Oculoplasty : Curette; Oculoplasty : Chalazion; Retinopathy Of Prematurity; Benefits of Modern SBK Microkeratome; Corporate; Presentation; Human Resources; Moria in the World; Quality & Regulatory; CSR; Request a quote0; Search""", Manipulator,MORIA,PINCES,"""Reusable Instruments; Forceps; Other forceps; Troutman Forceps; Speculum; Capsulorhexis forceps; Bonn forceps; Hook"
Moria Surgical, curved,moria-forceps-6-mm-platforms-moria-surgical,ophthalmology-surgical,active,,"""Moria Forceps(6-mm platforms","""Moria Forceps(6-mm platforms", Iris dilator, Iris dilator, Needle & Irrigation/Aspiration system; Needle-holder; Scissors; Ring scissors; Micro scissors; Sets; Others; Single-use Instruments; Microkeratome & Accessories; Consoles & accessories; Handpieces & accessories; Artificial Chambers; Heads, Needle & Irrigation/Aspiration system; Needle-holder; Scissors; Ring scissors; Micro scissors; Sets; Others; Single-use Instruments; Microkeratome & Accessories; Consoles & accessories; Handpieces & accessories; Artificial Chambers; Heads,"""Reusable Instruments; Forceps; Other forceps; Moria Forceps; Speculum; Capsulorhexis forceps; Bonn forceps; Hook",MORIA,PINCES,Other forceps > Moria Forceps
3222," 0.8-mm teeth)""",jayle-forceps-7-mm-tying-platforms-3222,ophthalmology-surgical,active,,"""Jayle Forceps(7-mm tying platforms","""Jayle Forceps(7-mm tying platforms", Retractor; Cannula, Retractor; Cannula," Blades & Suction Rings; Other accessories; Complete systems; Keratoplasty; Refractive; Punches & Trephines; Punches; Trephines; Resources center; Notices & brochures; The different types of surgery; Keratoplasty: Overview; Keratoplasty: DSAEK; Keratoplasty: DALK; Glaucoma: angle-closure; Cataract: Instrumentation; Cataract: Phacoemulsification; Cataract: Capsulorhexis; Cataract: Morganian; Oculoplasty : Curette; Oculoplasty : Chalazion; Retinopathy Of Prematurity; Benefits of Modern SBK Microkeratome; Corporate; Presentation; Human Resources; Moria in the World; Quality & Regulatory; CSR; Request a quote0; Search"""," Blades & Suction Rings; Other accessories; Complete systems; Keratoplasty; Refractive; Punches & Trephines; Punches; Trephines; Resources center; Notices & brochures; The different types of surgery; Keratoplasty: Overview; Keratoplasty: DSAEK; Keratoplasty: DALK; Glaucoma: angle-closure; Cataract: Instrumentation; Cataract: Phacoemulsification; Cataract: Capsulorhexis; Cataract: Morganian; Oculoplasty : Curette; Oculoplasty : Chalazion; Retinopathy Of Prematurity; Benefits of Modern SBK Microkeratome; Corporate; Presentation; Human Resources; Moria in the World; Quality & Regulatory; CSR; Request a quote0; Search""", Manipulator,MORIA,PINCES,"""Reusable Instruments; Forceps; Other forceps; Jayle Forceps; Speculum; Capsulorhexis forceps; Bonn forceps; Hook"
Moria Surgical, straight,moria-forceps-7-mm-platforms-moria-surgical,ophthalmology-surgical,active,,"""Moria Forceps(7-mm platforms","""Moria Forceps(7-mm platforms", Iris dilator, Iris dilator, Needle & Irrigation/Aspiration system; Needle-holder; Scissors; Ring scissors; Micro scissors; Sets; Others; Single-use Instruments; Microkeratome & Accessories; Consoles & accessories; Handpieces & accessories; Artificial Chambers; Heads, Needle & Irrigation/Aspiration system; Needle-holder; Scissors; Ring scissors; Micro scissors; Sets; Others; Single-use Instruments; Microkeratome & Accessories; Consoles & accessories; Handpieces & accessories; Artificial Chambers; Heads,"""Reusable Instruments; Forceps; Other forceps; Moria Forceps; Speculum; Capsulorhexis forceps; Bonn forceps; Hook",MORIA,PINCES,Other forceps > Moria Forceps
Moria Surgical, curved,moria-forceps-7-5-mm-platforms-moria-surgical,ophthalmology-surgical,active,,"""Moria Forceps(7.5-mm platforms","""Moria Forceps(7.5-mm platforms", Iris dilator, Iris dilator, Needle & Irrigation/Aspiration system; Needle-holder; Scissors; Ring scissors; Micro scissors; Sets; Others; Single-use Instruments; Microkeratome & Accessories; Consoles & accessories; Handpieces & accessories; Artificial Chambers; Heads, Needle & Irrigation/Aspiration system; Needle-holder; Scissors; Ring scissors; Micro scissors; Sets; Others; Single-use Instruments; Microkeratome & Accessories; Consoles & accessories; Handpieces & accessories; Artificial Chambers; Heads,"""Reusable Instruments; Forceps; Other forceps; Moria Forceps; Speculum; Capsulorhexis forceps; Bonn forceps; Hook",MORIA,PINCES,Other forceps > Moria Forceps
Moria Surgical, angled,mac-pherson-forceps-11-mm-platforms-moria-surgical,ophthalmology-surgical,active,,"""Mac Pherson Forceps(11-mm platforms","""Mac Pherson Forceps(11-mm platforms", Iris dilator, Iris dilator, Needle & Irrigation/Aspiration system; Needle-holder; Scissors; Ring scissors; Micro scissors; Sets; Others; Single-use Instruments; Microkeratome & Accessories; Consoles & accessories; Handpieces & accessories; Artificial Chambers; Heads, Needle & Irrigation/Aspiration system; Needle-holder; Scissors; Ring scissors; Micro scissors; Sets; Others; Single-use Instruments; Microkeratome & Accessories; Consoles & accessories; Handpieces & accessories; Artificial Chambers; Heads,"""Reusable Instruments; Forceps; Other forceps; Mac Pherson Forceps; Speculum; Capsulorhexis forceps; Bonn forceps; Hook",MORIA,PINCES,Other forceps > Mac Pherson Forceps
2420A," for strabismus)""",prince-blascovics-forceps-right-side-2420a,ophthalmology-surgical,active,,"""Prince-Blascovics Forceps(right side","""Prince-Blascovics Forceps(right side", Retractor; Cannula, Retractor; Cannula," Blades & Suction Rings; Other accessories; Complete systems; Keratoplasty; Refractive; Punches & Trephines; Punches; Trephines; Resources center; Notices & brochures; The different types of surgery; Keratoplasty: Overview; Keratoplasty: DSAEK; Keratoplasty: DALK; Glaucoma: angle-closure; Cataract: Instrumentation; Cataract: Phacoemulsification; Cataract: Capsulorhexis; Cataract: Morganian; Oculoplasty : Curette; Oculoplasty : Chalazion; Retinopathy Of Prematurity; Benefits of Modern SBK Microkeratome; Corporate; Presentation; Human Resources; Moria in the World; Quality & Regulatory; CSR; Request a quote0; Search"""," Blades & Suction Rings; Other accessories; Complete systems; Keratoplasty; Refractive; Punches & Trephines; Punches; Trephines; Resources center; Notices & brochures; The different types of surgery; Keratoplasty: Overview; Keratoplasty: DSAEK; Keratoplasty: DALK; Glaucoma: angle-closure; Cataract: Instrumentation; Cataract: Phacoemulsification; Cataract: Capsulorhexis; Cataract: Morganian; Oculoplasty : Curette; Oculoplasty : Chalazion; Retinopathy Of Prematurity; Benefits of Modern SBK Microkeratome; Corporate; Presentation; Human Resources; Moria in the World; Quality & Regulatory; CSR; Request a quote0; Search""", Manipulator,MORIA,PINCES,"""Reusable Instruments; Forceps; Other forceps; Prince-Blascovics Forceps; Speculum; Capsulorhexis forceps; Bonn forceps; Hook"
2420B," for strabismus)""",prince-blascovics-forceps-left-side-2420b,ophthalmology-surgical,active,,"""Prince-Blascovics Forceps(left side","""Prince-Blascovics Forceps(left side", Retractor; Cannula, Retractor; Cannula," Blades & Suction Rings; Other accessories; Complete systems; Keratoplasty; Refractive; Punches & Trephines; Punches; Trephines; Resources center; Notices & brochures; The different types of surgery; Keratoplasty: Overview; Keratoplasty: DSAEK; Keratoplasty: DALK; Glaucoma: angle-closure; Cataract: Instrumentation; Cataract: Phacoemulsification; Cataract: Capsulorhexis; Cataract: Morganian; Oculoplasty : Curette; Oculoplasty : Chalazion; Retinopathy Of Prematurity; Benefits of Modern SBK Microkeratome; Corporate; Presentation; Human Resources; Moria in the World; Quality & Regulatory; CSR; Request a quote0; Search"""," Blades & Suction Rings; Other accessories; Complete systems; Keratoplasty; Refractive; Punches & Trephines; Punches; Trephines; Resources center; Notices & brochures; The different types of surgery; Keratoplasty: Overview; Keratoplasty: DSAEK; Keratoplasty: DALK; Glaucoma: angle-closure; Cataract: Instrumentation; Cataract: Phacoemulsification; Cataract: Capsulorhexis; Cataract: Morganian; Oculoplasty : Curette; Oculoplasty : Chalazion; Retinopathy Of Prematurity; Benefits of Modern SBK Microkeratome; Corporate; Presentation; Human Resources; Moria in the World; Quality & Regulatory; CSR; Request a quote0; Search""", Manipulator,MORIA,PINCES,"""Reusable Instruments; Forceps; Other forceps; Prince-Blascovics Forceps; Speculum; Capsulorhexis forceps; Bonn forceps; Hook"
11081,MORIA,bangerter-forceps-with-pushbutton-11081,ophthalmology-surgical,active,,Bangerter Forceps(with pushbutton),Bangerter Forceps(with pushbutton), Needle & Irrigation/Aspiration system; Needle-holder; Scissors; Ring scissors; Micro scissors; Sets; Others; Single-use Instruments; Microkeratome & Accessories; Consoles & accessories; Handpieces & accessories; Artificial Chambers; Heads, Needle & Irrigation/Aspiration system; Needle-holder; Scissors; Ring scissors; Micro scissors; Sets; Others; Single-use Instruments; Microkeratome & Accessories; Consoles & accessories; Handpieces & accessories; Artificial Chambers; Heads,https://www.moria-surgical.com/product/bangerter-forceps,https://www.moria-surgical.com/product/bangerter-forceps, Spatula,MORIA,PINCES, Manipulator
20022,MORIA,micro-dissector-for-dmek-20022,ophthalmology-surgical,active,,Micro-Dissector(for DMEK),Micro-Dissector(for DMEK), Manipulator, Manipulator, Iris dilator, Iris dilator, Iris dilator,MORIA,SPATULES, Spatula
20016,MORIA,renard-corneal-dissector-spatula-for-keratoplasty-,ophthalmology-surgical,active,,Renard Corneal Dissector Spatula(for keratoplasty),Renard Corneal Dissector Spatula(for keratoplasty), Manipulator, Manipulator, Iris dilator, Iris dilator, Iris dilator,MORIA,SPATULES, Spatula
20010,MORIA,lasik-cleaver-spatula-for-lasik-20010,ophthalmology-surgical,active,,LASIK Cleaver Spatula(for LASIK),LASIK Cleaver Spatula(for LASIK), Manipulator, Manipulator, Iris dilator, Iris dilator, Iris dilator,MORIA,SPATULES, Spatula
4877A," pointed blades)""",ophthalmic-scissors-straight-4877a,ophthalmology-surgical,active,,"""Ophthalmic Scissors(Straight","""Ophthalmic Scissors(Straight", Retractor; Cannula, Retractor; Cannula," Blades & Suction Rings; Other accessories; Complete systems; Keratoplasty; Refractive; Punches & Trephines; Punches; Trephines; Resources center; Notices & brochures; The different types of surgery; Keratoplasty: Overview; Keratoplasty: DSAEK; Keratoplasty: DALK; Glaucoma: angle-closure; Cataract: Instrumentation; Cataract: Phacoemulsification; Cataract: Capsulorhexis; Cataract: Morganian; Oculoplasty : Curette; Oculoplasty : Chalazion; Retinopathy Of Prematurity; Benefits of Modern SBK Microkeratome; Corporate; Presentation; Human Resources; Moria in the World; Quality & Regulatory; CSR; Request a quote0; Search"""," Blades & Suction Rings; Other accessories; Complete systems; Keratoplasty; Refractive; Punches & Trephines; Punches; Trephines; Resources center; Notices & brochures; The different types of surgery; Keratoplasty: Overview; Keratoplasty: DSAEK; Keratoplasty: DALK; Glaucoma: angle-closure; Cataract: Instrumentation; Cataract: Phacoemulsification; Cataract: Capsulorhexis; Cataract: Morganian; Oculoplasty : Curette; Oculoplasty : Chalazion; Retinopathy Of Prematurity; Benefits of Modern SBK Microkeratome; Corporate; Presentation; Human Resources; Moria in the World; Quality & Regulatory; CSR; Request a quote0; Search""", Manipulator,MORIA,CISEAUX,"""Reusable Instruments; Scissors; Ring scissors; Ophthalmic Scissors; Speculum; Forceps; Capsulorhexis forceps; Bonn forceps; Other forceps; Hook"
9600BIS,MORIA,vannas-scissors-straight-blunt-blades-9600bis,ophthalmology-surgical,active,,Vannas Scissors(Straight blunt blades),Vannas Scissors(Straight blunt blades), Needle & Irrigation/Aspiration system; Needle-holder; Ring scissors; Sets; Others; Single-use Instruments; Microkeratome & Accessories; Consoles & accessories; Handpieces & accessories; Artificial Chambers; Heads, Needle & Irrigation/Aspiration system; Needle-holder; Ring scissors; Sets; Others; Single-use Instruments; Microkeratome & Accessories; Consoles & accessories; Handpieces & accessories; Artificial Chambers; Heads,https://www.moria-surgical.com/product/vannas-moria-scissors-2,https://www.moria-surgical.com/product/vannas-moria-scissors-2, Spatula,MORIA,CISEAUX, Manipulator
9601,MORIA,vannas-scissors-curved-blunt-blades-9601,ophthalmology-surgical,active,,Vannas Scissors(Curved blunt blades),Vannas Scissors(Curved blunt blades), Needle & Irrigation/Aspiration system; Needle-holder; Ring scissors; Sets; Others; Single-use Instruments; Microkeratome & Accessories; Consoles & accessories; Handpieces & accessories; Artificial Chambers; Heads, Needle & Irrigation/Aspiration system; Needle-holder; Ring scissors; Sets; Others; Single-use Instruments; Microkeratome & Accessories; Consoles & accessories; Handpieces & accessories; Artificial Chambers; Heads,https://www.moria-surgical.com/product/vannas-moria-scissors-3,https://www.moria-surgical.com/product/vannas-moria-scissors-3, Spatula,MORIA,CISEAUX, Manipulator
13263,MORIA,gills-aron-rosa-scissors-angled-pointed-blades-132,ophthalmology-surgical,active,,Gills-Aron-Rosa Scissors(Angled pointed blades),Gills-Aron-Rosa Scissors(Angled pointed blades), Needle & Irrigation/Aspiration system; Needle-holder; Ring scissors; Sets; Others; Single-use Instruments; Microkeratome & Accessories; Consoles & accessories; Handpieces & accessories; Artificial Chambers; Heads, Needle & Irrigation/Aspiration system; Needle-holder; Ring scissors; Sets; Others; Single-use Instruments; Microkeratome & Accessories; Consoles & accessories; Handpieces & accessories; Artificial Chambers; Heads,https://www.moria-surgical.com/product/gills-aron-rosa-scissors,https://www.moria-surgical.com/product/gills-aron-rosa-scissors, Spatula,MORIA,CISEAUX, Manipulator
17000,MORIA,worst-scissors-curved-blades-17000,ophthalmology-surgical,active,,Worst Scissors(Curved blades),Worst Scissors(Curved blades), Needle & Irrigation/Aspiration system; Needle-holder; Ring scissors; Sets; Others; Single-use Instruments; Microkeratome & Accessories; Consoles & accessories; Handpieces & accessories; Artificial Chambers; Heads, Needle & Irrigation/Aspiration system; Needle-holder; Ring scissors; Sets; Others; Single-use Instruments; Microkeratome & Accessories; Consoles & accessories; Handpieces & accessories; Artificial Chambers; Heads,https://www.moria-surgical.com/product/worst-scissors,https://www.moria-surgical.com/product/worst-scissors, Spatula,MORIA,CISEAUX, Manipulator
19068,MORIA,haptic-cutter-for-iol-explantation-19068,ophthalmology-surgical,active,,Haptic Cutter(for IOL explantation),Haptic Cutter(for IOL explantation), Needle & Irrigation/Aspiration system; Needle-holder; Scissors; Ring scissors; Micro scissors; Sets; Single-use Instruments; Microkeratome & Accessories; Consoles & accessories; Handpieces & accessories; Artificial Chambers; Heads, Needle & Irrigation/Aspiration system; Needle-holder; Scissors; Ring scissors; Micro scissors; Sets; Single-use Instruments; Microkeratome & Accessories; Consoles & accessories; Handpieces & accessories; Artificial Chambers; Heads,https://www.moria-surgical.com/product/implant-loop-cutter,https://www.moria-surgical.com/product/implant-loop-cutter, Spatula,MORIA,CISEAUX, Manipulator
4878A,MORIA,scissors-curved-blades-4878a,ophthalmology-surgical,active,,Scissors(Curved blades),Scissors(Curved blades), Needle & Irrigation/Aspiration system; Needle-holder; Micro scissors; Sets; Others; Single-use Instruments; Microkeratome & Accessories; Consoles & accessories; Handpieces & accessories; Artificial Chambers; Heads, Needle & Irrigation/Aspiration system; Needle-holder; Micro scissors; Sets; Others; Single-use Instruments; Microkeratome & Accessories; Consoles & accessories; Handpieces & accessories; Artificial Chambers; Heads,https://www.moria-surgical.com/product/scissors-2,https://www.moria-surgical.com/product/scissors-2, Spatula,MORIA,CISEAUX, Manipulator
4251C,MORIA,sevrin-stevens-scissors-for-tenotomy-4251c,ophthalmology-surgical,active,,Sevrin-Stevens Scissors(for tenotomy),Sevrin-Stevens Scissors(for tenotomy), Needle & Irrigation/Aspiration system; Needle-holder; Micro scissors; Sets; Others; Single-use Instruments; Microkeratome & Accessories; Consoles & accessories; Handpieces & accessories; Artificial Chambers; Heads, Needle & Irrigation/Aspiration system; Needle-holder; Micro scissors; Sets; Others; Single-use Instruments; Microkeratome & Accessories; Consoles & accessories; Handpieces & accessories; Artificial Chambers; Heads,https://www.moria-surgical.com/product/sevrin-stevens-scissors,https://www.moria-surgical.com/product/sevrin-stevens-scissors, Spatula,MORIA,CISEAUX, Manipulator
11057," slightly blunt blades)""",westcott-hugonnier-scissors-semi-curved-11057,ophthalmology-surgical,active,,"""Westcott-Hugonnier Scissors(Semi-curved","""Westcott-Hugonnier Scissors(Semi-curved", Retractor; Cannula, Retractor; Cannula," Blades & Suction Rings; Other accessories; Complete systems; Keratoplasty; Refractive; Punches & Trephines; Punches; Trephines; Resources center; Notices & brochures; The different types of surgery; Keratoplasty: Overview; Keratoplasty: DSAEK; Keratoplasty: DALK; Glaucoma: angle-closure; Cataract: Instrumentation; Cataract: Phacoemulsification; Cataract: Capsulorhexis; Cataract: Morganian; Oculoplasty : Curette; Oculoplasty : Chalazion; Retinopathy Of Prematurity; Benefits of Modern SBK Microkeratome; Corporate; Presentation; Human Resources; Moria in the World; Quality & Regulatory; CSR; Request a quote0; Search"""," Blades & Suction Rings; Other accessories; Complete systems; Keratoplasty; Refractive; Punches & Trephines; Punches; Trephines; Resources center; Notices & brochures; The different types of surgery; Keratoplasty: Overview; Keratoplasty: DSAEK; Keratoplasty: DALK; Glaucoma: angle-closure; Cataract: Instrumentation; Cataract: Phacoemulsification; Cataract: Capsulorhexis; Cataract: Morganian; Oculoplasty : Curette; Oculoplasty : Chalazion; Retinopathy Of Prematurity; Benefits of Modern SBK Microkeratome; Corporate; Presentation; Human Resources; Moria in the World; Quality & Regulatory; CSR; Request a quote0; Search""", Manipulator,MORIA,CISEAUX,"""Reusable Instruments; Scissors; Micro scissors; Westcott-Hugonnier Scissors; Speculum; Forceps; Capsulorhexis forceps; Bonn forceps; Other forceps; Hook"
8144A," blunt blades)""",micro-scissors-curved-8144a,ophthalmology-surgical,active,,"""Micro-Scissors(Curved","""Micro-Scissors(Curved", Retractor; Cannula, Retractor; Cannula," Blades & Suction Rings; Other accessories; Complete systems; Keratoplasty; Refractive; Punches & Trephines; Punches; Trephines; Resources center; Notices & brochures; The different types of surgery; Keratoplasty: Overview; Keratoplasty: DSAEK; Keratoplasty: DALK; Glaucoma: angle-closure; Cataract: Instrumentation; Cataract: Phacoemulsification; Cataract: Capsulorhexis; Cataract: Morganian; Oculoplasty : Curette; Oculoplasty : Chalazion; Retinopathy Of Prematurity; Benefits of Modern SBK Microkeratome; Corporate; Presentation; Human Resources; Moria in the World; Quality & Regulatory; CSR; Request a quote0; Search"""," Blades & Suction Rings; Other accessories; Complete systems; Keratoplasty; Refractive; Punches & Trephines; Punches; Trephines; Resources center; Notices & brochures; The different types of surgery; Keratoplasty: Overview; Keratoplasty: DSAEK; Keratoplasty: DALK; Glaucoma: angle-closure; Cataract: Instrumentation; Cataract: Phacoemulsification; Cataract: Capsulorhexis; Cataract: Morganian; Oculoplasty : Curette; Oculoplasty : Chalazion; Retinopathy Of Prematurity; Benefits of Modern SBK Microkeratome; Corporate; Presentation; Human Resources; Moria in the World; Quality & Regulatory; CSR; Request a quote0; Search""", Manipulator,MORIA,CISEAUX,"""Reusable Instruments; Scissors; Ring scissors; Micro-Scissors; Speculum; Forceps; Capsulorhexis forceps; Bonn forceps; Other forceps; Hook"
8142A," pointed blades)""",micro-scissors-curved-8142a,ophthalmology-surgical,active,,"""Micro-Scissors(Curved","""Micro-Scissors(Curved", Retractor; Cannula, Retractor; Cannula," Blades & Suction Rings; Other accessories; Complete systems; Keratoplasty; Refractive; Punches & Trephines; Punches; Trephines; Resources center; Notices & brochures; The different types of surgery; Keratoplasty: Overview; Keratoplasty: DSAEK; Keratoplasty: DALK; Glaucoma: angle-closure; Cataract: Instrumentation; Cataract: Phacoemulsification; Cataract: Capsulorhexis; Cataract: Morganian; Oculoplasty : Curette; Oculoplasty : Chalazion; Retinopathy Of Prematurity; Benefits of Modern SBK Microkeratome; Corporate; Presentation; Human Resources; Moria in the World; Quality & Regulatory; CSR; Request a quote0; Search"""," Blades & Suction Rings; Other accessories; Complete systems; Keratoplasty; Refractive; Punches & Trephines; Punches; Trephines; Resources center; Notices & brochures; The different types of surgery; Keratoplasty: Overview; Keratoplasty: DSAEK; Keratoplasty: DALK; Glaucoma: angle-closure; Cataract: Instrumentation; Cataract: Phacoemulsification; Cataract: Capsulorhexis; Cataract: Morganian; Oculoplasty : Curette; Oculoplasty : Chalazion; Retinopathy Of Prematurity; Benefits of Modern SBK Microkeratome; Corporate; Presentation; Human Resources; Moria in the World; Quality & Regulatory; CSR; Request a quote0; Search""", Manipulator,MORIA,CISEAUX,"""Reusable Instruments; Scissors; Ring scissors; Micro-Scissors; Speculum; Forceps; Capsulorhexis forceps; Bonn forceps; Other forceps; Hook"
8143A," pointed blades)""",micro-scissors-straight-8143a,ophthalmology-surgical,active,,"""Micro-Scissors(Straight","""Micro-Scissors(Straight", Retractor; Cannula, Retractor; Cannula," Blades & Suction Rings; Other accessories; Complete systems; Keratoplasty; Refractive; Punches & Trephines; Punches; Trephines; Resources center; Notices & brochures; The different types of surgery; Keratoplasty: Overview; Keratoplasty: DSAEK; Keratoplasty: DALK; Glaucoma: angle-closure; Cataract: Instrumentation; Cataract: Phacoemulsification; Cataract: Capsulorhexis; Cataract: Morganian; Oculoplasty : Curette; Oculoplasty : Chalazion; Retinopathy Of Prematurity; Benefits of Modern SBK Microkeratome; Corporate; Presentation; Human Resources; Moria in the World; Quality & Regulatory; CSR; Request a quote0; Search"""," Blades & Suction Rings; Other accessories; Complete systems; Keratoplasty; Refractive; Punches & Trephines; Punches; Trephines; Resources center; Notices & brochures; The different types of surgery; Keratoplasty: Overview; Keratoplasty: DSAEK; Keratoplasty: DALK; Glaucoma: angle-closure; Cataract: Instrumentation; Cataract: Phacoemulsification; Cataract: Capsulorhexis; Cataract: Morganian; Oculoplasty : Curette; Oculoplasty : Chalazion; Retinopathy Of Prematurity; Benefits of Modern SBK Microkeratome; Corporate; Presentation; Human Resources; Moria in the World; Quality & Regulatory; CSR; Request a quote0; Search""", Manipulator,MORIA,CISEAUX,"""Reusable Instruments; Scissors; Ring scissors; Micro-Scissors; Speculum; Forceps; Capsulorhexis forceps; Bonn forceps; Other forceps; Hook"
MC26B," pointed blades)""",dowell-scissors-straight-mc26b,ophthalmology-surgical,active,,"""Dowell Scissors(Straight","""Dowell Scissors(Straight", Retractor; Cannula, Retractor; Cannula," Blades & Suction Rings; Other accessories; Complete systems; Keratoplasty; Refractive; Punches & Trephines; Punches; Trephines; Resources center; Notices & brochures; The different types of surgery; Keratoplasty: Overview; Keratoplasty: DSAEK; Keratoplasty: DALK; Glaucoma: angle-closure; Cataract: Instrumentation; Cataract: Phacoemulsification; Cataract: Capsulorhexis; Cataract: Morganian; Oculoplasty : Curette; Oculoplasty : Chalazion; Retinopathy Of Prematurity; Benefits of Modern SBK Microkeratome; Corporate; Presentation; Human Resources; Moria in the World; Quality & Regulatory; CSR; Request a quote0; Search"""," Blades & Suction Rings; Other accessories; Complete systems; Keratoplasty; Refractive; Punches & Trephines; Punches; Trephines; Resources center; Notices & brochures; The different types of surgery; Keratoplasty: Overview; Keratoplasty: DSAEK; Keratoplasty: DALK; Glaucoma: angle-closure; Cataract: Instrumentation; Cataract: Phacoemulsification; Cataract: Capsulorhexis; Cataract: Morganian; Oculoplasty : Curette; Oculoplasty : Chalazion; Retinopathy Of Prematurity; Benefits of Modern SBK Microkeratome; Corporate; Presentation; Human Resources; Moria in the World; Quality & Regulatory; CSR; Request a quote0; Search""", Manipulator,MORIA,CISEAUX,"""Reusable Instruments; Scissors; Micro scissors; Dowell Scissors; Speculum; Forceps; Capsulorhexis forceps; Bonn forceps; Other forceps; Hook"
MC26B," pointed blades)""",dowell-scissors-straight-mc26b,ophthalmology-surgical,active,,"""Dowell Scissors(Straight","""Dowell Scissors(Straight", Retractor; Cannula, Retractor; Cannula," Blades & Suction Rings; Other accessories; Complete systems; Keratoplasty; Refractive; Punches & Trephines; Punches; Trephines; Resources center; Notices & brochures; The different types of surgery; Keratoplasty: Overview; Keratoplasty: DSAEK; Keratoplasty: DALK; Glaucoma: angle-closure; Cataract: Instrumentation; Cataract: Phacoemulsification; Cataract: Capsulorhexis; Cataract: Morganian; Oculoplasty : Curette; Oculoplasty : Chalazion; Retinopathy Of Prematurity; Benefits of Modern SBK Microkeratome; Corporate; Presentation; Human Resources; Moria in the World; Quality & Regulatory; CSR; Request a quote0; Search"""," Blades & Suction Rings; Other accessories; Complete systems; Keratoplasty; Refractive; Punches & Trephines; Punches; Trephines; Resources center; Notices & brochures; The different types of surgery; Keratoplasty: Overview; Keratoplasty: DSAEK; Keratoplasty: DALK; Glaucoma: angle-closure; Cataract: Instrumentation; Cataract: Phacoemulsification; Cataract: Capsulorhexis; Cataract: Morganian; Oculoplasty : Curette; Oculoplasty : Chalazion; Retinopathy Of Prematurity; Benefits of Modern SBK Microkeratome; Corporate; Presentation; Human Resources; Moria in the World; Quality & Regulatory; CSR; Request a quote0; Search""", Manipulator,MORIA,CISEAUX,"""Reusable Instruments; Scissors; Micro scissors; Dowell Scissors; Speculum; Forceps; Capsulorhexis forceps; Bonn forceps; Other forceps; Hook"
MC19B,MORIA,wolff-scissors-4-mm-blades-mc19b,ophthalmology-surgical,active,,Wolff Scissors(4-mm blades),Wolff Scissors(4-mm blades), Needle & Irrigation/Aspiration system; Needle-holder; Ring scissors; Sets; Others; Single-use Instruments; Microkeratome & Accessories; Consoles & accessories; Handpieces & accessories; Artificial Chambers; Heads, Needle & Irrigation/Aspiration system; Needle-holder; Ring scissors; Sets; Others; Single-use Instruments; Microkeratome & Accessories; Consoles & accessories; Handpieces & accessories; Artificial Chambers; Heads,https://www.moria-surgical.com/product/wolff-iris,https://www.moria-surgical.com/product/wolff-iris, Spatula,MORIA,CISEAUX, Manipulator
9600,MORIA,vannas-scissors-straight-pointed-blades-9600,ophthalmology-surgical,active,,Vannas Scissors(Straight pointed blades),Vannas Scissors(Straight pointed blades), Needle & Irrigation/Aspiration system; Needle-holder; Ring scissors; Sets; Others; Single-use Instruments; Microkeratome & Accessories; Consoles & accessories; Handpieces & accessories; Artificial Chambers; Heads, Needle & Irrigation/Aspiration system; Needle-holder; Ring scissors; Sets; Others; Single-use Instruments; Microkeratome & Accessories; Consoles & accessories; Handpieces & accessories; Artificial Chambers; Heads,https://www.moria-surgical.com/product/vannas-scissors-3,https://www.moria-surgical.com/product/vannas-scissors-3, Spatula,MORIA,CISEAUX, Manipulator
18013," blunt blades)""",stevens-scissors-curved-18013,ophthalmology-surgical,active,,"""Stevens Scissors(Curved","""Stevens Scissors(Curved", Retractor; Cannula, Retractor; Cannula," Blades & Suction Rings; Other accessories; Complete systems; Keratoplasty; Refractive; Punches & Trephines; Punches; Trephines; Resources center; Notices & brochures; The different types of surgery; Keratoplasty: Overview; Keratoplasty: DSAEK; Keratoplasty: DALK; Glaucoma: angle-closure; Cataract: Instrumentation; Cataract: Phacoemulsification; Cataract: Capsulorhexis; Cataract: Morganian; Oculoplasty : Curette; Oculoplasty : Chalazion; Retinopathy Of Prematurity; Benefits of Modern SBK Microkeratome; Corporate; Presentation; Human Resources; Moria in the World; Quality & Regulatory; CSR; Request a quote0; Search"""," Blades & Suction Rings; Other accessories; Complete systems; Keratoplasty; Refractive; Punches & Trephines; Punches; Trephines; Resources center; Notices & brochures; The different types of surgery; Keratoplasty: Overview; Keratoplasty: DSAEK; Keratoplasty: DALK; Glaucoma: angle-closure; Cataract: Instrumentation; Cataract: Phacoemulsification; Cataract: Capsulorhexis; Cataract: Morganian; Oculoplasty : Curette; Oculoplasty : Chalazion; Retinopathy Of Prematurity; Benefits of Modern SBK Microkeratome; Corporate; Presentation; Human Resources; Moria in the World; Quality & Regulatory; CSR; Request a quote0; Search""", Manipulator,MORIA,CISEAUX,"""Reusable Instruments; Scissors; Micro scissors; Stevens Scissors; Speculum; Forceps; Capsulorhexis forceps; Bonn forceps; Other forceps; Hook"
20007," DMEK)""",mini-busin-spatula-for-dsaek-20007,ophthalmology-surgical,active,,"""Mini Busin Spatula(for DSAEK","""Mini Busin Spatula(for DSAEK","""Reusable Instruments; Hook","""Reusable Instruments; Hook", Spatula, Spatula, Spatula,MORIA,SPATULES, Manipulator
8023B," for keratoplasty)""",katzin-scissors-counter-clockwise-8023b,ophthalmology-surgical,active,,"""Katzin Scissors(Counter-clockwise","""Katzin Scissors(Counter-clockwise", Retractor; Cannula, Retractor; Cannula," Blades & Suction Rings; Other accessories; Complete systems; Keratoplasty; Refractive; Punches & Trephines; Punches; Trephines; Resources center; Notices & brochures; The different types of surgery; Keratoplasty: Overview; Keratoplasty: DSAEK; Keratoplasty: DALK; Glaucoma: angle-closure; Cataract: Instrumentation; Cataract: Phacoemulsification; Cataract: Capsulorhexis; Cataract: Morganian; Oculoplasty : Curette; Oculoplasty : Chalazion; Retinopathy Of Prematurity; Benefits of Modern SBK Microkeratome; Corporate; Presentation; Human Resources; Moria in the World; Quality & Regulatory; CSR; Request a quote0; Search"""," Blades & Suction Rings; Other accessories; Complete systems; Keratoplasty; Refractive; Punches & Trephines; Punches; Trephines; Resources center; Notices & brochures; The different types of surgery; Keratoplasty: Overview; Keratoplasty: DSAEK; Keratoplasty: DALK; Glaucoma: angle-closure; Cataract: Instrumentation; Cataract: Phacoemulsification; Cataract: Capsulorhexis; Cataract: Morganian; Oculoplasty : Curette; Oculoplasty : Chalazion; Retinopathy Of Prematurity; Benefits of Modern SBK Microkeratome; Corporate; Presentation; Human Resources; Moria in the World; Quality & Regulatory; CSR; Request a quote0; Search""", Manipulator,MORIA,CISEAUX,"""Reusable Instruments; Scissors; Micro scissors; Katzin Scissors; Speculum; Forceps; Capsulorhexis forceps; Bonn forceps; Other forceps; Hook"
20033,MORIA,can-pendular-marker-for-toric-iols-20033,ophthalmology-surgical,active,,Can Pendular Marker(for toric IOLs),Can Pendular Marker(for toric IOLs), Needle & Irrigation/Aspiration system; Needle-holder; Scissors; Ring scissors; Micro scissors; Sets; Single-use Instruments; Microkeratome & Accessories; Consoles & accessories; Handpieces & accessories; Artificial Chambers; Heads, Needle & Irrigation/Aspiration system; Needle-holder; Scissors; Ring scissors; Micro scissors; Sets; Single-use Instruments; Microkeratome & Accessories; Consoles & accessories; Handpieces & accessories; Artificial Chambers; Heads,https://www.moria-surgical.com/product/can-pendular-marker,https://www.moria-surgical.com/product/can-pendular-marker, Spatula,MORIA,MARQUEURS, Manipulator
2456,MORIA,jaeger-eyelid-plate-2456,ophthalmology-surgical,active,,Jaeger eyelid plate,Jaeger eyelid plate, Needle & Irrigation/Aspiration system; Needle-holder; Scissors; Ring scissors; Micro scissors; Sets; Single-use Instruments; Microkeratome & Accessories; Consoles & accessories; Handpieces & accessories; Artificial Chambers; Heads, Needle & Irrigation/Aspiration system; Needle-holder; Scissors; Ring scissors; Micro scissors; Sets; Single-use Instruments; Microkeratome & Accessories; Consoles & accessories; Handpieces & accessories; Artificial Chambers; Heads,https://www.moria-surgical.com/product/jaeger-eyelid-plate,https://www.moria-surgical.com/product/jaeger-eyelid-plate, Spatula,MORIA,PLAQUE A PAUPIERE, Manipulator
3201,MORIA,paufique-knife-for-cornea-3201,ophthalmology-surgical,active,,Paufique Knife(for cornea),Paufique Knife(for cornea), Needle & Irrigation/Aspiration system; Needle-holder; Scissors; Ring scissors; Micro scissors; Sets; Single-use Instruments; Microkeratome & Accessories; Consoles & accessories; Handpieces & accessories; Artificial Chambers; Heads, Needle & Irrigation/Aspiration system; Needle-holder; Scissors; Ring scissors; Micro scissors; Sets; Single-use Instruments; Microkeratome & Accessories; Consoles & accessories; Handpieces & accessories; Artificial Chambers; Heads,https://www.moria-surgical.com/product/paufique-knife,https://www.moria-surgical.com/product/paufique-knife, Spatula,MORIA,COUTEAUX, Manipulator
MC50,MORIA,vannas-scissors-curved-pointed-blades-mc50,ophthalmology-surgical,active,,Vannas Scissors(Curved pointed blades),Vannas Scissors(Curved pointed blades), Needle & Irrigation/Aspiration system; Needle-holder; Ring scissors; Sets; Others; Single-use Instruments; Microkeratome & Accessories; Consoles & accessories; Handpieces & accessories; Artificial Chambers; Heads, Needle & Irrigation/Aspiration system; Needle-holder; Ring scissors; Sets; Others; Single-use Instruments; Microkeratome & Accessories; Consoles & accessories; Handpieces & accessories; Artificial Chambers; Heads,https://www.moria-surgical.com/product/vannas-scissors,https://www.moria-surgical.com/product/vannas-scissors, Spatula,MORIA,CISEAUX, Manipulator
MC52,MORIA,vannas-scissors-straight-pointed-blades-mc52,ophthalmology-surgical,active,,Vannas Scissors(Straight pointed blades),Vannas Scissors(Straight pointed blades), Needle & Irrigation/Aspiration system; Needle-holder; Ring scissors; Sets; Others; Single-use Instruments; Microkeratome & Accessories; Consoles & accessories; Handpieces & accessories; Artificial Chambers; Heads, Needle & Irrigation/Aspiration system; Needle-holder; Ring scissors; Sets; Others; Single-use Instruments; Microkeratome & Accessories; Consoles & accessories; Handpieces & accessories; Artificial Chambers; Heads,https://www.moria-surgical.com/product/vannas-scissors-2,https://www.moria-surgical.com/product/vannas-scissors-2, Spatula,MORIA,CISEAUX, Manipulator
8023A," for keratoplasty)""",katzin-scissors-clockwise-8023a,ophthalmology-surgical,active,,"""Katzin Scissors(Clockwise","""Katzin Scissors(Clockwise", Retractor; Cannula, Retractor; Cannula," Blades & Suction Rings; Other accessories; Complete systems; Keratoplasty; Refractive; Punches & Trephines; Punches; Trephines; Resources center; Notices & brochures; The different types of surgery; Keratoplasty: Overview; Keratoplasty: DSAEK; Keratoplasty: DALK; Glaucoma: angle-closure; Cataract: Instrumentation; Cataract: Phacoemulsification; Cataract: Capsulorhexis; Cataract: Morganian; Oculoplasty : Curette; Oculoplasty : Chalazion; Retinopathy Of Prematurity; Benefits of Modern SBK Microkeratome; Corporate; Presentation; Human Resources; Moria in the World; Quality & Regulatory; CSR; Request a quote0; Search"""," Blades & Suction Rings; Other accessories; Complete systems; Keratoplasty; Refractive; Punches & Trephines; Punches; Trephines; Resources center; Notices & brochures; The different types of surgery; Keratoplasty: Overview; Keratoplasty: DSAEK; Keratoplasty: DALK; Glaucoma: angle-closure; Cataract: Instrumentation; Cataract: Phacoemulsification; Cataract: Capsulorhexis; Cataract: Morganian; Oculoplasty : Curette; Oculoplasty : Chalazion; Retinopathy Of Prematurity; Benefits of Modern SBK Microkeratome; Corporate; Presentation; Human Resources; Moria in the World; Quality & Regulatory; CSR; Request a quote0; Search""", Manipulator,MORIA,CISEAUX,"""Reusable Instruments; Scissors; Micro scissors; Katzin Scissors; Speculum; Forceps; Capsulorhexis forceps; Bonn forceps; Other forceps; Hook"
8100,MORIA,vannas-scissors-curved-blunt-blades-8100,ophthalmology-surgical,active,,Vannas Scissors(Curved blunt blades),Vannas Scissors(Curved blunt blades), Needle & Irrigation/Aspiration system; Needle-holder; Ring scissors; Sets; Others; Single-use Instruments; Microkeratome & Accessories; Consoles & accessories; Handpieces & accessories; Artificial Chambers; Heads, Needle & Irrigation/Aspiration system; Needle-holder; Ring scissors; Sets; Others; Single-use Instruments; Microkeratome & Accessories; Consoles & accessories; Handpieces & accessories; Artificial Chambers; Heads,https://www.moria-surgical.com/product/vannas-moria-scissors,https://www.moria-surgical.com/product/vannas-moria-scissors, Spatula,MORIA,CISEAUX, Manipulator
4263," blunt blades)""",westcott-cochet-scissors-straight-4263,ophthalmology-surgical,active,,"""Westcott-Cochet Scissors(Straight","""Westcott-Cochet Scissors(Straight", Retractor; Cannula, Retractor; Cannula," Blades & Suction Rings; Other accessories; Complete systems; Keratoplasty; Refractive; Punches & Trephines; Punches; Trephines; Resources center; Notices & brochures; The different types of surgery; Keratoplasty: Overview; Keratoplasty: DSAEK; Keratoplasty: DALK; Glaucoma: angle-closure; Cataract: Instrumentation; Cataract: Phacoemulsification; Cataract: Capsulorhexis; Cataract: Morganian; Oculoplasty : Curette; Oculoplasty : Chalazion; Retinopathy Of Prematurity; Benefits of Modern SBK Microkeratome; Corporate; Presentation; Human Resources; Moria in the World; Quality & Regulatory; CSR; Request a quote0; Search"""," Blades & Suction Rings; Other accessories; Complete systems; Keratoplasty; Refractive; Punches & Trephines; Punches; Trephines; Resources center; Notices & brochures; The different types of surgery; Keratoplasty: Overview; Keratoplasty: DSAEK; Keratoplasty: DALK; Glaucoma: angle-closure; Cataract: Instrumentation; Cataract: Phacoemulsification; Cataract: Capsulorhexis; Cataract: Morganian; Oculoplasty : Curette; Oculoplasty : Chalazion; Retinopathy Of Prematurity; Benefits of Modern SBK Microkeratome; Corporate; Presentation; Human Resources; Moria in the World; Quality & Regulatory; CSR; Request a quote0; Search""", Manipulator,MORIA,CISEAUX,"""Reusable Instruments; Scissors; Micro scissors; Westcott-Cochet Scissors; Speculum; Forceps; Capsulorhexis forceps; Bonn forceps; Other forceps; Hook"